,num_sims,round,experiment,horizon,activator_name,base_name,nucleophile_id,solvent_name,yield
0,0.0,0.0,0.0,0.0,PFTU,Diisopropylethylamine,n5,MeCN,0.043
1,0.0,1.0,0.0,1.0,TFFH,"2,6-Lutidine",n1,THF,0.0045000000000000005
2,0.0,2.0,0.0,2.0,BOP-Cl,N-methylmorpholine,n4,DMF,0.1691
3,0.0,3.0,0.0,3.0,PFTU,N-methylmorpholine,n1,DMF,0.0013
4,0.0,4.0,0.0,4.0,BOP-Cl,N-methylmorpholine,n1,THF,0.3836
5,0.0,5.0,0.0,5.0,HATU,N-methylmorpholine,n6,MeCN,0.048499999999999995
6,0.0,6.0,0.0,6.0,PyBOP,Diisopropylethylamine,n6,DMF,0.0197
7,0.0,7.0,0.0,7.0,TFFH,Diisopropylethylamine,n5,THF,0.1038
8,0.0,8.0,0.0,8.0,TCFH,1-Methylimidazole,n2,THF,0.6117
9,0.0,9.0,0.0,9.0,BOP-Cl,Diisopropylethylamine,n4,THF,0.0678
10,0.0,10.0,0.0,10.0,DPPCl,1-Methylimidazole,n1,DMF,0.1409
11,0.0,11.0,0.0,11.0,TCFH,"2,6-Lutidine",n3,MeCN,0.0521
12,0.0,12.0,0.0,12.0,HOTU,1-Methylimidazole,n2,MeCN,0.5919
13,0.0,13.0,0.0,13.0,HOTU,"2,6-Lutidine",n5,THF,0.0074
14,0.0,14.0,0.0,14.0,BOP-Cl,1-Methylimidazole,n8,MeCN,0.2341
15,0.0,15.0,0.0,15.0,BOP-Cl,Diisopropylethylamine,n1,THF,0.3527
16,0.0,16.0,0.0,16.0,TFFH,"2,6-Lutidine",n1,DMF,0.021
17,0.0,17.0,0.0,17.0,DPPCl,1-Methylimidazole,n7,MeCN,0.39740000000000003
18,0.0,18.0,0.0,18.0,PFTU,"2,6-Lutidine",n9,THF,0.019799999999999998
19,0.0,19.0,0.0,19.0,TCFH,N-methylmorpholine,n8,MeCN,0.3778
20,0.0,20.0,0.0,20.0,HOTU,1-Methylimidazole,n10,DMF,0.0696
21,0.0,21.0,0.0,21.0,BOP-Cl,1-Methylimidazole,n2,MeCN,0.6058
22,0.0,22.0,0.0,22.0,HATU,N-methylmorpholine,n7,MeCN,0.19
23,0.0,23.0,0.0,23.0,DPPCl,Diisopropylethylamine,n2,MeCN,0.3268
24,0.0,24.0,0.0,24.0,HOTU,1-Methylimidazole,n1,MeCN,0.0587
25,0.0,25.0,0.0,25.0,TCFH,Diisopropylethylamine,n6,DMF,0.0405
26,0.0,26.0,0.0,26.0,HATU,1-Methylimidazole,n7,DMF,0.5537
27,0.0,27.0,0.0,27.0,HATU,1-Methylimidazole,n6,DMF,0.0245
28,0.0,28.0,0.0,28.0,BOP-Cl,N-methylmorpholine,n10,MeCN,0.0129
29,0.0,29.0,0.0,29.0,TFFH,"2,6-Lutidine",n7,THF,0.0024
30,0.0,30.0,0.0,30.0,DPPCl,Diisopropylethylamine,n5,MeCN,0.3774
31,0.0,31.0,0.0,31.0,BOP-Cl,1-Methylimidazole,n9,DMF,0.5365
32,0.0,32.0,0.0,32.0,PyBOP,Diisopropylethylamine,n3,MeCN,0.45159999999999995
33,0.0,33.0,0.0,33.0,TCFH,"2,6-Lutidine",n1,THF,0.3553
34,0.0,34.0,0.0,34.0,PyBOP,"2,6-Lutidine",n6,THF,0.0106
35,0.0,35.0,0.0,35.0,DPPCl,N-methylmorpholine,n8,THF,0.3425
36,0.0,36.0,0.0,36.0,TCFH,Diisopropylethylamine,n8,MeCN,0.0984
37,0.0,37.0,0.0,37.0,HOTU,Diisopropylethylamine,n1,MeCN,0.037000000000000005
38,0.0,38.0,0.0,38.0,PyBOP,N-methylmorpholine,n3,THF,0.0040999999999999995
39,0.0,39.0,0.0,39.0,HOTU,"2,6-Lutidine",n9,MeCN,0.1322
40,0.0,40.0,0.0,40.0,PyBOP,"2,6-Lutidine",n3,MeCN,0.0123
41,0.0,41.0,0.0,41.0,HATU,1-Methylimidazole,n4,THF,0.2138
42,0.0,42.0,0.0,42.0,TCFH,1-Methylimidazole,n1,MeCN,0.1075
43,0.0,43.0,0.0,43.0,TCFH,Diisopropylethylamine,n2,MeCN,0.183
44,0.0,44.0,0.0,44.0,DPPCl,Diisopropylethylamine,n9,MeCN,0.8558
45,0.0,45.0,0.0,45.0,DPPCl,N-methylmorpholine,n9,MeCN,0.35119999999999996
46,0.0,46.0,0.0,46.0,BOP-Cl,"2,6-Lutidine",n3,DMF,0.1748
47,0.0,47.0,0.0,47.0,HATU,N-methylmorpholine,n9,THF,0.5212
48,0.0,48.0,0.0,48.0,DPPCl,1-Methylimidazole,n10,THF,0.2738
49,0.0,49.0,0.0,49.0,PFTU,Diisopropylethylamine,n2,THF,0.2711
50,0.0,50.0,0.0,50.0,HATU,Diisopropylethylamine,n1,DMF,0.2366
51,0.0,51.0,0.0,51.0,HOTU,"2,6-Lutidine",n8,THF,0.3147
52,0.0,52.0,0.0,52.0,HATU,"2,6-Lutidine",n5,MeCN,0.0158
53,0.0,53.0,0.0,53.0,DPPCl,N-methylmorpholine,n5,MeCN,0.1155
54,0.0,54.0,0.0,54.0,BOP-Cl,1-Methylimidazole,n10,MeCN,0.0134
55,0.0,55.0,0.0,55.0,DPPCl,N-methylmorpholine,n10,DMF,0.008199999999999999
56,0.0,56.0,0.0,56.0,BOP-Cl,1-Methylimidazole,n2,THF,0.3759
57,0.0,57.0,0.0,57.0,TFFH,Diisopropylethylamine,n5,DMF,0.3232
58,0.0,58.0,0.0,58.0,DPPCl,"2,6-Lutidine",n4,THF,0.0679
59,0.0,59.0,0.0,59.0,HOTU,1-Methylimidazole,n8,MeCN,0.1368
60,0.0,60.0,0.0,60.0,HOTU,Diisopropylethylamine,n7,THF,0.3407
61,0.0,61.0,0.0,61.0,BOP-Cl,"2,6-Lutidine",n9,DMF,0.74
62,0.0,62.0,0.0,62.0,DPPCl,1-Methylimidazole,n5,THF,0.0726
63,0.0,63.0,0.0,63.0,DPPCl,Diisopropylethylamine,n4,MeCN,0.0747
64,0.0,64.0,0.0,64.0,BOP-Cl,N-methylmorpholine,n8,MeCN,0.37079999999999996
65,0.0,65.0,0.0,65.0,PFTU,"2,6-Lutidine",n9,MeCN,0.0116
66,0.0,66.0,0.0,66.0,BOP-Cl,Diisopropylethylamine,n4,MeCN,0.1946
67,0.0,67.0,0.0,67.0,BOP-Cl,N-methylmorpholine,n7,MeCN,0.7943000000000001
68,0.0,68.0,0.0,68.0,BOP-Cl,N-methylmorpholine,n6,THF,0.013500000000000002
69,0.0,69.0,0.0,69.0,PyBOP,Diisopropylethylamine,n4,MeCN,0.12710000000000002
70,0.0,70.0,0.0,70.0,DPPCl,1-Methylimidazole,n6,THF,0.034
71,0.0,71.0,0.0,71.0,BOP-Cl,1-Methylimidazole,n6,DMF,0.04019999999999999
72,0.0,72.0,0.0,72.0,DPPCl,Diisopropylethylamine,n4,DMF,0.0509
73,0.0,73.0,0.0,73.0,DPPCl,N-methylmorpholine,n7,DMF,0.6772
74,0.0,74.0,0.0,74.0,BOP-Cl,"2,6-Lutidine",n10,MeCN,0.009899999999999999
75,0.0,75.0,0.0,75.0,HATU,1-Methylimidazole,n8,THF,0.061399999999999996
76,0.0,76.0,0.0,76.0,BOP-Cl,1-Methylimidazole,n3,MeCN,0.35609999999999997
77,0.0,77.0,0.0,77.0,PyBOP,Diisopropylethylamine,n3,THF,0.1067
78,0.0,78.0,0.0,78.0,BOP-Cl,N-methylmorpholine,n5,THF,0.40549999999999997
79,0.0,79.0,0.0,79.0,BOP-Cl,Diisopropylethylamine,n1,DMF,0.0626
80,0.0,80.0,0.0,80.0,HATU,"2,6-Lutidine",n5,THF,0.0038
81,0.0,81.0,0.0,81.0,BOP-Cl,N-methylmorpholine,n1,MeCN,0.4447
82,0.0,82.0,0.0,82.0,DPPCl,1-Methylimidazole,n2,MeCN,0.48960000000000004
83,0.0,83.0,0.0,83.0,PFTU,Diisopropylethylamine,n2,MeCN,0.414
84,0.0,84.0,0.0,84.0,BOP-Cl,Diisopropylethylamine,n5,MeCN,0.26489999999999997
85,0.0,85.0,0.0,85.0,TCFH,Diisopropylethylamine,n5,MeCN,0.0536
86,0.0,86.0,0.0,86.0,PFTU,1-Methylimidazole,n3,MeCN,0.0682
87,0.0,87.0,0.0,87.0,HOTU,1-Methylimidazole,n1,THF,0.058499999999999996
88,0.0,88.0,0.0,88.0,BOP-Cl,1-Methylimidazole,n7,THF,0.7503
89,0.0,89.0,0.0,89.0,HOTU,1-Methylimidazole,n10,MeCN,0.0275
90,0.0,90.0,0.0,90.0,DPPCl,Diisopropylethylamine,n7,DMF,0.2757
91,0.0,91.0,0.0,91.0,BOP-Cl,1-Methylimidazole,n4,DMF,0.061200000000000004
92,0.0,92.0,0.0,92.0,BOP-Cl,Diisopropylethylamine,n2,MeCN,0.4083
93,0.0,93.0,0.0,93.0,HATU,N-methylmorpholine,n7,DMF,0.5536
94,0.0,94.0,0.0,94.0,PFTU,Diisopropylethylamine,n9,MeCN,0.0345
95,0.0,95.0,0.0,95.0,PFTU,N-methylmorpholine,n1,THF,0.0025
96,0.0,96.0,0.0,96.0,BOP-Cl,1-Methylimidazole,n6,THF,0.023
97,0.0,97.0,0.0,97.0,HATU,"2,6-Lutidine",n8,DMF,0.2415
98,0.0,98.0,0.0,98.0,PyBOP,N-methylmorpholine,n8,MeCN,0.1672
99,0.0,99.0,0.0,99.0,BOP-Cl,"2,6-Lutidine",n2,THF,0.0604
100,0.0,100.0,0.0,100.0,BOP-Cl,Diisopropylethylamine,n9,THF,0.37229999999999996
101,0.0,101.0,0.0,101.0,BOP-Cl,1-Methylimidazole,n5,THF,0.1285
102,0.0,102.0,0.0,102.0,PyBOP,Diisopropylethylamine,n2,THF,0.564
103,0.0,103.0,0.0,103.0,PyBOP,N-methylmorpholine,n10,DMF,0.0482
104,0.0,104.0,0.0,104.0,TCFH,1-Methylimidazole,n9,MeCN,0.5225
105,0.0,105.0,0.0,105.0,DPPCl,"2,6-Lutidine",n3,DMF,0.19579999999999997
106,0.0,106.0,0.0,106.0,PyBOP,1-Methylimidazole,n3,MeCN,0.1815
107,0.0,107.0,0.0,107.0,TFFH,N-methylmorpholine,n6,DMF,0.0197
108,0.0,108.0,0.0,108.0,TCFH,1-Methylimidazole,n10,DMF,0.037200000000000004
109,0.0,109.0,0.0,109.0,BOP-Cl,"2,6-Lutidine",n8,DMF,0.3956
110,0.0,110.0,0.0,110.0,BOP-Cl,1-Methylimidazole,n4,MeCN,0.0692
111,0.0,111.0,0.0,111.0,HATU,Diisopropylethylamine,n5,DMF,0.305
112,0.0,112.0,0.0,112.0,HOTU,"2,6-Lutidine",n1,THF,0.003
113,0.0,113.0,0.0,113.0,DPPCl,"2,6-Lutidine",n7,MeCN,0.5942000000000001
114,0.0,114.0,0.0,114.0,DPPCl,N-methylmorpholine,n7,THF,0.665
115,0.0,115.0,0.0,115.0,DPPCl,Diisopropylethylamine,n1,THF,0.5184000000000001
116,0.0,116.0,0.0,116.0,TFFH,"2,6-Lutidine",n2,MeCN,0.5717
117,0.0,117.0,0.0,117.0,DPPCl,"2,6-Lutidine",n8,MeCN,0.3257
118,0.0,118.0,0.0,118.0,DPPCl,Diisopropylethylamine,n3,THF,0.5415
119,0.0,119.0,0.0,119.0,BOP-Cl,1-Methylimidazole,n1,DMF,0.3554
120,0.0,120.0,0.0,120.0,DPPCl,N-methylmorpholine,n4,DMF,0.0464
121,0.0,121.0,0.0,121.0,DPPCl,N-methylmorpholine,n2,DMF,0.5584
122,0.0,122.0,0.0,122.0,DPPCl,1-Methylimidazole,n2,DMF,0.3987
123,0.0,123.0,0.0,123.0,TCFH,N-methylmorpholine,n7,MeCN,0.7494
124,0.0,124.0,0.0,124.0,BOP-Cl,1-Methylimidazole,n3,DMF,0.1671
125,0.0,125.0,0.0,125.0,HATU,1-Methylimidazole,n10,THF,0.2235
126,0.0,126.0,0.0,126.0,TFFH,"2,6-Lutidine",n6,THF,0.0278
127,0.0,127.0,0.0,127.0,DPPCl,"2,6-Lutidine",n9,THF,0.1549
128,0.0,128.0,0.0,128.0,TCFH,"2,6-Lutidine",n2,MeCN,0.34600000000000003
129,0.0,129.0,0.0,129.0,HATU,Diisopropylethylamine,n10,THF,0.0653
130,0.0,130.0,0.0,130.0,DPPCl,1-Methylimidazole,n5,MeCN,0.2585
131,0.0,131.0,0.0,131.0,DPPCl,1-Methylimidazole,n9,THF,0.2793
132,0.0,132.0,0.0,132.0,DPPCl,"2,6-Lutidine",n6,THF,0.0192
133,0.0,133.0,0.0,133.0,TCFH,Diisopropylethylamine,n4,THF,0.32159999999999994
134,0.0,134.0,0.0,134.0,DPPCl,N-methylmorpholine,n6,MeCN,0.0225
135,0.0,135.0,0.0,135.0,DPPCl,1-Methylimidazole,n6,MeCN,0.0236
136,0.0,136.0,0.0,136.0,TCFH,1-Methylimidazole,n1,DMF,0.3921
137,0.0,137.0,0.0,137.0,HATU,Diisopropylethylamine,n4,MeCN,0.096
138,0.0,138.0,0.0,138.0,TCFH,1-Methylimidazole,n3,DMF,0.5342
139,0.0,139.0,0.0,139.0,DPPCl,"2,6-Lutidine",n2,DMF,0.321
140,0.0,140.0,0.0,140.0,TCFH,N-methylmorpholine,n1,THF,0.4876
141,0.0,141.0,0.0,141.0,PyBOP,Diisopropylethylamine,n5,DMF,0.11900000000000001
142,0.0,142.0,0.0,142.0,TCFH,"2,6-Lutidine",n8,MeCN,0.20989999999999998
143,0.0,143.0,0.0,143.0,TCFH,N-methylmorpholine,n4,THF,0.23739999999999997
144,0.0,144.0,0.0,144.0,TCFH,"2,6-Lutidine",n8,THF,0.4799
145,0.0,145.0,0.0,145.0,BOP-Cl,1-Methylimidazole,n6,MeCN,0.021099999999999997
146,0.0,146.0,0.0,146.0,DPPCl,"2,6-Lutidine",n5,DMF,0.1832
147,0.0,147.0,0.0,147.0,TCFH,"2,6-Lutidine",n6,DMF,0.0291
148,0.0,148.0,0.0,148.0,TCFH,1-Methylimidazole,n3,THF,0.331
149,0.0,149.0,0.0,149.0,TCFH,N-methylmorpholine,n3,DMF,0.0
150,1.0,0.0,0.0,0.0,BOP-Cl,1-Methylimidazole,n5,THF,0.1285
151,1.0,1.0,0.0,1.0,TFFH,Diisopropylethylamine,n7,THF,0.16449999999999998
152,1.0,2.0,0.0,2.0,PyBOP,Diisopropylethylamine,n9,THF,0.2933
153,1.0,3.0,0.0,3.0,DPPCl,1-Methylimidazole,n7,DMF,0.45880000000000004
154,1.0,4.0,0.0,4.0,BOP-Cl,Diisopropylethylamine,n1,DMF,0.0626
155,1.0,5.0,0.0,5.0,TCFH,Diisopropylethylamine,n5,THF,0.0727
156,1.0,6.0,0.0,6.0,TCFH,"2,6-Lutidine",n6,THF,0.1659
157,1.0,7.0,0.0,7.0,TFFH,1-Methylimidazole,n6,DMF,0.0158
158,1.0,8.0,0.0,8.0,DPPCl,"2,6-Lutidine",n5,THF,0.1451
159,1.0,9.0,0.0,9.0,HOTU,N-methylmorpholine,n3,DMF,0.3796
160,1.0,10.0,0.0,10.0,HOTU,1-Methylimidazole,n6,MeCN,0.0233
161,1.0,11.0,0.0,11.0,HATU,N-methylmorpholine,n4,MeCN,0.1158
162,1.0,12.0,0.0,12.0,PyBOP,N-methylmorpholine,n4,DMF,0.1535
163,1.0,13.0,0.0,13.0,BOP-Cl,N-methylmorpholine,n7,THF,0.6844
164,1.0,14.0,0.0,14.0,TCFH,N-methylmorpholine,n2,THF,0.34259999999999996
165,1.0,15.0,0.0,15.0,PFTU,N-methylmorpholine,n3,MeCN,0.036699999999999997
166,1.0,16.0,0.0,16.0,DPPCl,N-methylmorpholine,n8,DMF,0.353
167,1.0,17.0,0.0,17.0,HATU,N-methylmorpholine,n4,DMF,0.2268
168,1.0,18.0,0.0,18.0,BOP-Cl,"2,6-Lutidine",n4,MeCN,0.0719
169,1.0,19.0,0.0,19.0,HATU,1-Methylimidazole,n5,DMF,0.0735
170,1.0,20.0,0.0,20.0,DPPCl,Diisopropylethylamine,n3,THF,0.5415
171,1.0,21.0,0.0,21.0,HOTU,1-Methylimidazole,n6,THF,0.0197
172,1.0,22.0,0.0,22.0,HOTU,N-methylmorpholine,n9,DMF,0.1837
173,1.0,23.0,0.0,23.0,PyBOP,1-Methylimidazole,n3,MeCN,0.1815
174,1.0,24.0,0.0,24.0,DPPCl,1-Methylimidazole,n4,MeCN,0.0392
175,1.0,25.0,0.0,25.0,DPPCl,"2,6-Lutidine",n2,THF,0.5366
176,1.0,26.0,0.0,26.0,HATU,1-Methylimidazole,n5,MeCN,0.0629
177,1.0,27.0,0.0,27.0,BOP-Cl,"2,6-Lutidine",n2,THF,0.0604
178,1.0,28.0,0.0,28.0,BOP-Cl,Diisopropylethylamine,n7,DMF,0.1069
179,1.0,29.0,0.0,29.0,DPPCl,"2,6-Lutidine",n10,DMF,0.0088
180,1.0,30.0,0.0,30.0,PyBOP,N-methylmorpholine,n10,THF,0.038599999999999995
181,1.0,31.0,0.0,31.0,HOTU,"2,6-Lutidine",n10,DMF,0.009899999999999999
182,1.0,32.0,0.0,32.0,PyBOP,"2,6-Lutidine",n6,DMF,0.009399999999999999
183,1.0,33.0,0.0,33.0,DPPCl,Diisopropylethylamine,n2,THF,0.5697
184,1.0,34.0,0.0,34.0,DPPCl,1-Methylimidazole,n8,THF,0.37929999999999997
185,1.0,35.0,0.0,35.0,PFTU,Diisopropylethylamine,n3,DMF,0.2539
186,1.0,36.0,0.0,36.0,DPPCl,Diisopropylethylamine,n7,THF,0.4888
187,1.0,37.0,0.0,37.0,TFFH,1-Methylimidazole,n5,MeCN,0.1445
188,1.0,38.0,0.0,38.0,PFTU,"2,6-Lutidine",n8,DMF,0.0421
189,1.0,39.0,0.0,39.0,TFFH,Diisopropylethylamine,n5,THF,0.1038
190,1.0,40.0,0.0,40.0,TCFH,1-Methylimidazole,n10,MeCN,0.026000000000000002
191,1.0,41.0,0.0,41.0,DPPCl,1-Methylimidazole,n7,MeCN,0.39740000000000003
192,1.0,42.0,0.0,42.0,DPPCl,"2,6-Lutidine",n9,MeCN,0.2349
193,1.0,43.0,0.0,43.0,TCFH,1-Methylimidazole,n1,MeCN,0.1075
194,1.0,44.0,0.0,44.0,DPPCl,N-methylmorpholine,n3,MeCN,0.5146999999999999
195,1.0,45.0,0.0,45.0,DPPCl,N-methylmorpholine,n9,DMF,0.7091
196,1.0,46.0,0.0,46.0,DPPCl,1-Methylimidazole,n7,THF,0.7003
197,1.0,47.0,0.0,47.0,TFFH,1-Methylimidazole,n4,DMF,0.054299999999999994
198,1.0,48.0,0.0,48.0,PFTU,1-Methylimidazole,n5,MeCN,0.014199999999999999
199,1.0,49.0,0.0,49.0,PFTU,1-Methylimidazole,n3,DMF,0.1204
200,1.0,50.0,0.0,50.0,DPPCl,N-methylmorpholine,n2,MeCN,0.6081
201,1.0,51.0,0.0,51.0,DPPCl,N-methylmorpholine,n1,THF,0.4792
202,1.0,52.0,0.0,52.0,DPPCl,1-Methylimidazole,n8,MeCN,0.1993
203,1.0,53.0,0.0,53.0,DPPCl,N-methylmorpholine,n1,DMF,0.40130000000000005
204,1.0,54.0,0.0,54.0,DPPCl,Diisopropylethylamine,n5,DMF,0.4092
205,1.0,55.0,0.0,55.0,DPPCl,"2,6-Lutidine",n8,MeCN,0.3257
206,1.0,56.0,0.0,56.0,DPPCl,1-Methylimidazole,n5,DMF,0.1161
207,1.0,57.0,0.0,57.0,HATU,Diisopropylethylamine,n6,MeCN,0.0348
208,1.0,58.0,0.0,58.0,DPPCl,Diisopropylethylamine,n1,DMF,0.37729999999999997
209,1.0,59.0,0.0,59.0,BOP-Cl,Diisopropylethylamine,n8,MeCN,0.2839
210,1.0,60.0,0.0,60.0,DPPCl,1-Methylimidazole,n10,DMF,0.0646
211,1.0,61.0,0.0,61.0,DPPCl,"2,6-Lutidine",n2,MeCN,0.5572
212,1.0,62.0,0.0,62.0,DPPCl,"2,6-Lutidine",n3,MeCN,0.3442
213,1.0,63.0,0.0,63.0,PyBOP,N-methylmorpholine,n6,THF,0.024900000000000002
214,1.0,64.0,0.0,64.0,DPPCl,1-Methylimidazole,n3,MeCN,0.522
215,1.0,65.0,0.0,65.0,DPPCl,Diisopropylethylamine,n3,MeCN,0.1866
216,1.0,66.0,0.0,66.0,TCFH,N-methylmorpholine,n8,THF,0.16760000000000003
217,1.0,67.0,0.0,67.0,HOTU,"2,6-Lutidine",n9,DMF,0.2825
218,1.0,68.0,0.0,68.0,DPPCl,1-Methylimidazole,n6,DMF,0.026699999999999998
219,1.0,69.0,0.0,69.0,DPPCl,N-methylmorpholine,n7,MeCN,0.6969
220,1.0,70.0,0.0,70.0,DPPCl,Diisopropylethylamine,n9,MeCN,0.8558
221,1.0,71.0,0.0,71.0,PFTU,Diisopropylethylamine,n8,THF,0.009399999999999999
222,1.0,72.0,0.0,72.0,PyBOP,N-methylmorpholine,n10,DMF,0.0482
223,1.0,73.0,0.0,73.0,DPPCl,"2,6-Lutidine",n7,DMF,0.5352
224,1.0,74.0,0.0,74.0,DPPCl,"2,6-Lutidine",n4,MeCN,0.0679
225,1.0,75.0,0.0,75.0,DPPCl,N-methylmorpholine,n2,DMF,0.5584
226,1.0,76.0,0.0,76.0,DPPCl,"2,6-Lutidine",n1,THF,0.14550000000000002
227,1.0,77.0,0.0,77.0,DPPCl,N-methylmorpholine,n10,DMF,0.008199999999999999
228,1.0,78.0,0.0,78.0,HOTU,1-Methylimidazole,n7,THF,0.1547
229,1.0,79.0,0.0,79.0,HOTU,N-methylmorpholine,n10,DMF,0.19640000000000002
230,1.0,80.0,0.0,80.0,DPPCl,N-methylmorpholine,n10,MeCN,0.0097
231,1.0,81.0,0.0,81.0,DPPCl,N-methylmorpholine,n4,MeCN,0.0552
232,1.0,82.0,0.0,82.0,PFTU,"2,6-Lutidine",n2,THF,0.37799999999999995
233,1.0,83.0,0.0,83.0,DPPCl,N-methylmorpholine,n6,DMF,0.0305
234,1.0,84.0,0.0,84.0,DPPCl,"2,6-Lutidine",n1,DMF,0.17170000000000002
235,1.0,85.0,0.0,85.0,DPPCl,"2,6-Lutidine",n7,MeCN,0.5942000000000001
236,1.0,86.0,0.0,86.0,DPPCl,1-Methylimidazole,n6,MeCN,0.0236
237,1.0,87.0,0.0,87.0,TFFH,1-Methylimidazole,n8,MeCN,0.20989999999999998
238,1.0,88.0,0.0,88.0,TFFH,1-Methylimidazole,n9,MeCN,0.5277000000000001
239,1.0,89.0,0.0,89.0,TCFH,Diisopropylethylamine,n4,DMF,0.0414
240,1.0,90.0,0.0,90.0,HATU,Diisopropylethylamine,n10,THF,0.0653
241,1.0,91.0,0.0,91.0,PFTU,1-Methylimidazole,n7,MeCN,0.0634
242,1.0,92.0,0.0,92.0,TCFH,1-Methylimidazole,n3,DMF,0.5342
243,1.0,93.0,0.0,93.0,DPPCl,"2,6-Lutidine",n6,THF,0.0192
244,1.0,94.0,0.0,94.0,DPPCl,N-methylmorpholine,n9,MeCN,0.35119999999999996
245,1.0,95.0,0.0,95.0,TFFH,1-Methylimidazole,n5,DMF,0.26940000000000003
246,1.0,96.0,0.0,96.0,BOP-Cl,"2,6-Lutidine",n7,MeCN,0.1245
247,1.0,97.0,0.0,97.0,DPPCl,Diisopropylethylamine,n9,DMF,0.9871
248,1.0,98.0,0.0,98.0,DPPCl,N-methylmorpholine,n5,DMF,0.3588
249,1.0,99.0,0.0,99.0,BOP-Cl,"2,6-Lutidine",n9,DMF,0.74
250,1.0,100.0,0.0,100.0,DPPCl,Diisopropylethylamine,n10,THF,0.0594
251,1.0,101.0,0.0,101.0,DPPCl,Diisopropylethylamine,n2,DMF,0.4033
252,1.0,102.0,0.0,102.0,TCFH,Diisopropylethylamine,n6,MeCN,0.0636
253,1.0,103.0,0.0,103.0,DPPCl,1-Methylimidazole,n4,DMF,0.0548
254,1.0,104.0,0.0,104.0,DPPCl,Diisopropylethylamine,n5,THF,0.38280000000000003
255,1.0,105.0,0.0,105.0,PFTU,Diisopropylethylamine,n5,THF,0.0111
256,1.0,106.0,0.0,106.0,BOP-Cl,"2,6-Lutidine",n7,THF,0.039
257,1.0,107.0,0.0,107.0,BOP-Cl,1-Methylimidazole,n9,MeCN,0.4537
258,1.0,108.0,0.0,108.0,BOP-Cl,Diisopropylethylamine,n6,THF,0.0329
259,1.0,109.0,0.0,109.0,DPPCl,N-methylmorpholine,n5,THF,0.18030000000000002
260,1.0,110.0,0.0,110.0,DPPCl,1-Methylimidazole,n2,DMF,0.3987
261,1.0,111.0,0.0,111.0,DPPCl,1-Methylimidazole,n1,DMF,0.1409
262,1.0,112.0,0.0,112.0,BOP-Cl,1-Methylimidazole,n9,DMF,0.5365
263,1.0,113.0,0.0,113.0,DPPCl,Diisopropylethylamine,n1,THF,0.5184000000000001
264,1.0,114.0,0.0,114.0,DPPCl,Diisopropylethylamine,n7,DMF,0.2757
265,1.0,115.0,0.0,115.0,BOP-Cl,Diisopropylethylamine,n4,THF,0.0678
266,1.0,116.0,0.0,116.0,HOTU,1-Methylimidazole,n8,MeCN,0.1368
267,1.0,117.0,0.0,117.0,BOP-Cl,1-Methylimidazole,n7,THF,0.7503
268,1.0,118.0,0.0,118.0,DPPCl,Diisopropylethylamine,n7,MeCN,0.3868
269,1.0,119.0,0.0,119.0,DPPCl,N-methylmorpholine,n8,THF,0.3425
270,1.0,120.0,0.0,120.0,DPPCl,N-methylmorpholine,n3,THF,0.49670000000000003
271,1.0,121.0,0.0,121.0,DPPCl,Diisopropylethylamine,n6,THF,0.0213
272,1.0,122.0,0.0,122.0,DPPCl,"2,6-Lutidine",n6,MeCN,0.0365
273,1.0,123.0,0.0,123.0,TFFH,"2,6-Lutidine",n5,THF,0.0116
274,1.0,124.0,0.0,124.0,DPPCl,"2,6-Lutidine",n6,DMF,0.016200000000000003
275,1.0,125.0,0.0,125.0,DPPCl,Diisopropylethylamine,n6,MeCN,0.0151
276,1.0,126.0,0.0,126.0,BOP-Cl,Diisopropylethylamine,n2,THF,0.6059
277,1.0,127.0,0.0,127.0,TCFH,Diisopropylethylamine,n2,THF,0.1674
278,1.0,128.0,0.0,128.0,BOP-Cl,Diisopropylethylamine,n1,THF,0.3527
279,1.0,129.0,0.0,129.0,HOTU,N-methylmorpholine,n4,DMF,0.0794
280,1.0,130.0,0.0,130.0,DPPCl,"2,6-Lutidine",n8,THF,0.3397
281,1.0,131.0,0.0,131.0,BOP-Cl,1-Methylimidazole,n3,MeCN,0.35609999999999997
282,1.0,132.0,0.0,132.0,BOP-Cl,Diisopropylethylamine,n8,THF,0.29350000000000004
283,1.0,133.0,0.0,133.0,DPPCl,"2,6-Lutidine",n4,DMF,0.041299999999999996
284,1.0,134.0,0.0,134.0,BOP-Cl,Diisopropylethylamine,n9,MeCN,0.2433
285,1.0,135.0,0.0,135.0,BOP-Cl,1-Methylimidazole,n10,DMF,0.033
286,1.0,136.0,0.0,136.0,DPPCl,1-Methylimidazole,n3,DMF,0.3062
287,1.0,137.0,0.0,137.0,DPPCl,1-Methylimidazole,n5,MeCN,0.2585
288,1.0,138.0,0.0,138.0,BOP-Cl,N-methylmorpholine,n7,DMF,0.2741
289,1.0,139.0,0.0,139.0,TCFH,1-Methylimidazole,n10,THF,0.0352
290,1.0,140.0,0.0,140.0,DPPCl,"2,6-Lutidine",n1,MeCN,0.2733
291,1.0,141.0,0.0,141.0,DPPCl,"2,6-Lutidine",n8,DMF,0.3129
292,1.0,142.0,0.0,142.0,DPPCl,N-methylmorpholine,n2,THF,0.6073
293,1.0,143.0,0.0,143.0,PFTU,Diisopropylethylamine,n3,THF,0.028399999999999998
294,1.0,144.0,0.0,144.0,DPPCl,Diisopropylethylamine,n5,MeCN,0.3774
295,1.0,145.0,0.0,145.0,BOP-Cl,"2,6-Lutidine",n7,DMF,0.8142
296,1.0,146.0,0.0,146.0,DPPCl,Diisopropylethylamine,n4,MeCN,0.0747
297,1.0,147.0,0.0,147.0,BOP-Cl,"2,6-Lutidine",n9,THF,0.0495
298,1.0,148.0,0.0,148.0,BOP-Cl,Diisopropylethylamine,n10,THF,0.0096
299,1.0,149.0,0.0,149.0,DPPCl,Diisopropylethylamine,n4,DMF,0.0509
300,2.0,0.0,0.0,0.0,TFFH,1-Methylimidazole,n4,DMF,0.054299999999999994
301,2.0,1.0,0.0,1.0,DPPCl,1-Methylimidazole,n2,THF,0.4608
302,2.0,2.0,0.0,2.0,PFTU,Diisopropylethylamine,n6,MeCN,0.0226
303,2.0,3.0,0.0,3.0,HATU,1-Methylimidazole,n4,THF,0.2138
304,2.0,4.0,0.0,4.0,HATU,Diisopropylethylamine,n9,DMF,0.38789999999999997
305,2.0,5.0,0.0,5.0,TCFH,1-Methylimidazole,n5,THF,0.5543
306,2.0,6.0,0.0,6.0,HATU,"2,6-Lutidine",n1,THF,0.0008
307,2.0,7.0,0.0,7.0,BOP-Cl,N-methylmorpholine,n10,MeCN,0.0129
308,2.0,8.0,0.0,8.0,BOP-Cl,"2,6-Lutidine",n7,MeCN,0.1245
309,2.0,9.0,0.0,9.0,DPPCl,Diisopropylethylamine,n3,DMF,0.2576
310,2.0,10.0,0.0,10.0,PyBOP,"2,6-Lutidine",n4,THF,0.0231
311,2.0,11.0,0.0,11.0,HOTU,Diisopropylethylamine,n8,THF,0.2407
312,2.0,12.0,0.0,12.0,TCFH,N-methylmorpholine,n3,THF,0.2833
313,2.0,13.0,0.0,13.0,PyBOP,N-methylmorpholine,n9,THF,0.2072
314,2.0,14.0,0.0,14.0,HATU,1-Methylimidazole,n2,MeCN,0.6235
315,2.0,15.0,0.0,15.0,PFTU,1-Methylimidazole,n5,MeCN,0.014199999999999999
316,2.0,16.0,0.0,16.0,PyBOP,Diisopropylethylamine,n4,THF,0.0705
317,2.0,17.0,0.0,17.0,TCFH,N-methylmorpholine,n9,MeCN,0.9642000000000001
318,2.0,18.0,0.0,18.0,TCFH,Diisopropylethylamine,n4,DMF,0.0414
319,2.0,19.0,0.0,19.0,TCFH,Diisopropylethylamine,n2,MeCN,0.183
320,2.0,20.0,0.0,20.0,HOTU,"2,6-Lutidine",n7,THF,0.1818
321,2.0,21.0,0.0,21.0,HATU,N-methylmorpholine,n6,DMF,0.018600000000000002
322,2.0,22.0,0.0,22.0,TFFH,N-methylmorpholine,n5,DMF,0.17859999999999998
323,2.0,23.0,0.0,23.0,DPPCl,1-Methylimidazole,n4,DMF,0.0548
324,2.0,24.0,0.0,24.0,HATU,"2,6-Lutidine",n9,THF,0.067
325,2.0,25.0,0.0,25.0,HOTU,Diisopropylethylamine,n3,MeCN,0.1025
326,2.0,26.0,0.0,26.0,TFFH,"2,6-Lutidine",n3,MeCN,0.2036
327,2.0,27.0,0.0,27.0,BOP-Cl,Diisopropylethylamine,n3,THF,0.10800000000000001
328,2.0,28.0,0.0,28.0,TCFH,Diisopropylethylamine,n4,MeCN,0.4277
329,2.0,29.0,0.0,29.0,TCFH,"2,6-Lutidine",n3,MeCN,0.0521
330,2.0,30.0,0.0,30.0,DPPCl,Diisopropylethylamine,n2,MeCN,0.3268
331,2.0,31.0,0.0,31.0,TFFH,Diisopropylethylamine,n5,THF,0.1038
332,2.0,32.0,0.0,32.0,DPPCl,Diisopropylethylamine,n1,MeCN,0.3145
333,2.0,33.0,0.0,33.0,HATU,N-methylmorpholine,n1,THF,0.0058
334,2.0,34.0,0.0,34.0,TCFH,1-Methylimidazole,n6,THF,0.031200000000000002
335,2.0,35.0,0.0,35.0,PFTU,"2,6-Lutidine",n1,DMF,0.004
336,2.0,36.0,0.0,36.0,BOP-Cl,1-Methylimidazole,n8,THF,0.3502
337,2.0,37.0,0.0,37.0,TCFH,Diisopropylethylamine,n6,MeCN,0.0636
338,2.0,38.0,0.0,38.0,HOTU,N-methylmorpholine,n3,THF,0.0953
339,2.0,39.0,0.0,39.0,DPPCl,1-Methylimidazole,n9,DMF,0.5268999999999999
340,2.0,40.0,0.0,40.0,TCFH,Diisopropylethylamine,n6,DMF,0.0405
341,2.0,41.0,0.0,41.0,DPPCl,Diisopropylethylamine,n8,DMF,0.1292
342,2.0,42.0,0.0,42.0,HATU,1-Methylimidazole,n6,THF,0.030299999999999997
343,2.0,43.0,0.0,43.0,DPPCl,"2,6-Lutidine",n2,MeCN,0.5572
344,2.0,44.0,0.0,44.0,TFFH,"2,6-Lutidine",n4,MeCN,0.0495
345,2.0,45.0,0.0,45.0,HOTU,Diisopropylethylamine,n10,THF,0.0932
346,2.0,46.0,0.0,46.0,DPPCl,N-methylmorpholine,n1,DMF,0.40130000000000005
347,2.0,47.0,0.0,47.0,PFTU,Diisopropylethylamine,n5,DMF,0.29309999999999997
348,2.0,48.0,0.0,48.0,BOP-Cl,"2,6-Lutidine",n2,MeCN,0.5521
349,2.0,49.0,0.0,49.0,DPPCl,"2,6-Lutidine",n10,THF,0.024
350,2.0,50.0,0.0,50.0,DPPCl,"2,6-Lutidine",n5,DMF,0.1832
351,2.0,51.0,0.0,51.0,BOP-Cl,Diisopropylethylamine,n4,MeCN,0.1946
352,2.0,52.0,0.0,52.0,BOP-Cl,N-methylmorpholine,n6,MeCN,0.019299999999999998
353,2.0,53.0,0.0,53.0,DPPCl,1-Methylimidazole,n6,THF,0.034
354,2.0,54.0,0.0,54.0,BOP-Cl,1-Methylimidazole,n2,DMF,0.48219999999999996
355,2.0,55.0,0.0,55.0,DPPCl,Diisopropylethylamine,n8,THF,0.19519999999999998
356,2.0,56.0,0.0,56.0,TFFH,Diisopropylethylamine,n2,DMF,0.45280000000000004
357,2.0,57.0,0.0,57.0,TCFH,"2,6-Lutidine",n9,THF,0.7442
358,2.0,58.0,0.0,58.0,HATU,N-methylmorpholine,n5,MeCN,0.055
359,2.0,59.0,0.0,59.0,TCFH,Diisopropylethylamine,n5,DMF,0.0169
360,2.0,60.0,0.0,60.0,HOTU,N-methylmorpholine,n9,DMF,0.1837
361,2.0,61.0,0.0,61.0,TCFH,1-Methylimidazole,n4,MeCN,0.0904
362,2.0,62.0,0.0,62.0,PyBOP,"2,6-Lutidine",n8,DMF,0.34149999999999997
363,2.0,63.0,0.0,63.0,HOTU,N-methylmorpholine,n5,DMF,0.068
364,2.0,64.0,0.0,64.0,TCFH,"2,6-Lutidine",n5,THF,0.6812
365,2.0,65.0,0.0,65.0,TFFH,1-Methylimidazole,n3,THF,0.4534
366,2.0,66.0,0.0,66.0,BOP-Cl,N-methylmorpholine,n4,THF,0.109
367,2.0,67.0,0.0,67.0,PyBOP,N-methylmorpholine,n2,THF,0.49670000000000003
368,2.0,68.0,0.0,68.0,PyBOP,N-methylmorpholine,n4,MeCN,0.1106
369,2.0,69.0,0.0,69.0,TCFH,1-Methylimidazole,n10,THF,0.0352
370,2.0,70.0,0.0,70.0,TCFH,N-methylmorpholine,n3,DMF,0.0
371,2.0,71.0,0.0,71.0,PyBOP,Diisopropylethylamine,n8,THF,0.1845
372,2.0,72.0,0.0,72.0,PFTU,"2,6-Lutidine",n9,THF,0.019799999999999998
373,2.0,73.0,0.0,73.0,TFFH,"2,6-Lutidine",n5,THF,0.0116
374,2.0,74.0,0.0,74.0,TFFH,N-methylmorpholine,n4,THF,0.0698
375,2.0,75.0,0.0,75.0,TFFH,Diisopropylethylamine,n9,THF,0.2636
376,2.0,76.0,0.0,76.0,DPPCl,"2,6-Lutidine",n7,THF,0.3465
377,2.0,77.0,0.0,77.0,DPPCl,1-Methylimidazole,n1,MeCN,0.46340000000000003
378,2.0,78.0,0.0,78.0,PyBOP,N-methylmorpholine,n1,THF,0.08560000000000001
379,2.0,79.0,0.0,79.0,TCFH,Diisopropylethylamine,n6,THF,0.044199999999999996
380,2.0,80.0,0.0,80.0,PyBOP,Diisopropylethylamine,n9,THF,0.2933
381,2.0,81.0,0.0,81.0,TCFH,"2,6-Lutidine",n7,THF,0.7541
382,2.0,82.0,0.0,82.0,PyBOP,Diisopropylethylamine,n9,MeCN,0.2404
383,2.0,83.0,0.0,83.0,PyBOP,"2,6-Lutidine",n2,DMF,0.2961
384,2.0,84.0,0.0,84.0,DPPCl,Diisopropylethylamine,n6,DMF,0.0169
385,2.0,85.0,0.0,85.0,DPPCl,Diisopropylethylamine,n10,DMF,0.0298
386,2.0,86.0,0.0,86.0,BOP-Cl,"2,6-Lutidine",n1,MeCN,0.0724
387,2.0,87.0,0.0,87.0,PFTU,1-Methylimidazole,n3,DMF,0.1204
388,2.0,88.0,0.0,88.0,DPPCl,N-methylmorpholine,n6,MeCN,0.0225
389,2.0,89.0,0.0,89.0,TCFH,1-Methylimidazole,n8,THF,0.1268
390,2.0,90.0,0.0,90.0,TCFH,Diisopropylethylamine,n3,MeCN,0.0079
391,2.0,91.0,0.0,91.0,DPPCl,N-methylmorpholine,n3,MeCN,0.5146999999999999
392,2.0,92.0,0.0,92.0,DPPCl,N-methylmorpholine,n8,MeCN,0.36219999999999997
393,2.0,93.0,0.0,93.0,TFFH,Diisopropylethylamine,n6,THF,0.0271
394,2.0,94.0,0.0,94.0,DPPCl,Diisopropylethylamine,n4,THF,0.059000000000000004
395,2.0,95.0,0.0,95.0,PFTU,1-Methylimidazole,n2,MeCN,0.3923
396,2.0,96.0,0.0,96.0,TFFH,1-Methylimidazole,n9,MeCN,0.5277000000000001
397,2.0,97.0,0.0,97.0,PyBOP,Diisopropylethylamine,n10,MeCN,0.4252
398,2.0,98.0,0.0,98.0,BOP-Cl,"2,6-Lutidine",n4,DMF,0.114
399,2.0,99.0,0.0,99.0,DPPCl,N-methylmorpholine,n3,DMF,0.5028
400,2.0,100.0,0.0,100.0,DPPCl,N-methylmorpholine,n7,MeCN,0.6969
401,2.0,101.0,0.0,101.0,HOTU,"2,6-Lutidine",n6,MeCN,0.0203
402,2.0,102.0,0.0,102.0,PyBOP,Diisopropylethylamine,n7,THF,0.1741
403,2.0,103.0,0.0,103.0,HATU,"2,6-Lutidine",n6,DMF,0.0104
404,2.0,104.0,0.0,104.0,DPPCl,"2,6-Lutidine",n4,MeCN,0.0679
405,2.0,105.0,0.0,105.0,TCFH,"2,6-Lutidine",n3,DMF,0.045599999999999995
406,2.0,106.0,0.0,106.0,DPPCl,Diisopropylethylamine,n10,MeCN,0.0373
407,2.0,107.0,0.0,107.0,PyBOP,N-methylmorpholine,n7,DMF,0.2006
408,2.0,108.0,0.0,108.0,DPPCl,N-methylmorpholine,n1,THF,0.4792
409,2.0,109.0,0.0,109.0,DPPCl,N-methylmorpholine,n4,MeCN,0.0552
410,2.0,110.0,0.0,110.0,HATU,1-Methylimidazole,n8,MeCN,0.0787
411,2.0,111.0,0.0,111.0,DPPCl,"2,6-Lutidine",n4,DMF,0.041299999999999996
412,2.0,112.0,0.0,112.0,HATU,Diisopropylethylamine,n4,THF,0.1761
413,2.0,113.0,0.0,113.0,HOTU,1-Methylimidazole,n10,THF,0.024700000000000003
414,2.0,114.0,0.0,114.0,PyBOP,N-methylmorpholine,n6,THF,0.024900000000000002
415,2.0,115.0,0.0,115.0,BOP-Cl,Diisopropylethylamine,n5,DMF,0.1906
416,2.0,116.0,0.0,116.0,PFTU,1-Methylimidazole,n7,THF,0.0398
417,2.0,117.0,0.0,117.0,HOTU,"2,6-Lutidine",n9,DMF,0.2825
418,2.0,118.0,0.0,118.0,PyBOP,1-Methylimidazole,n8,MeCN,0.1776
419,2.0,119.0,0.0,119.0,TFFH,1-Methylimidazole,n10,THF,0.0092
420,2.0,120.0,0.0,120.0,TFFH,1-Methylimidazole,n3,MeCN,0.42060000000000003
421,2.0,121.0,0.0,121.0,DPPCl,Diisopropylethylamine,n9,MeCN,0.8558
422,2.0,122.0,0.0,122.0,DPPCl,Diisopropylethylamine,n4,MeCN,0.0747
423,2.0,123.0,0.0,123.0,BOP-Cl,"2,6-Lutidine",n5,MeCN,0.3169
424,2.0,124.0,0.0,124.0,TFFH,"2,6-Lutidine",n8,THF,0.0011
425,2.0,125.0,0.0,125.0,TCFH,"2,6-Lutidine",n10,DMF,0.36939999999999995
426,2.0,126.0,0.0,126.0,TCFH,N-methylmorpholine,n2,DMF,0.0766
427,2.0,127.0,0.0,127.0,PyBOP,Diisopropylethylamine,n8,DMF,0.25420000000000004
428,2.0,128.0,0.0,128.0,HOTU,N-methylmorpholine,n7,MeCN,0.514
429,2.0,129.0,0.0,129.0,TCFH,"2,6-Lutidine",n2,THF,0.3962
430,2.0,130.0,0.0,130.0,TCFH,"2,6-Lutidine",n3,THF,0.3614
431,2.0,131.0,0.0,131.0,DPPCl,"2,6-Lutidine",n9,DMF,0.1997
432,2.0,132.0,0.0,132.0,DPPCl,1-Methylimidazole,n10,MeCN,0.1348
433,2.0,133.0,0.0,133.0,PyBOP,"2,6-Lutidine",n9,THF,0.1661
434,2.0,134.0,0.0,134.0,PFTU,"2,6-Lutidine",n10,MeCN,0.0644
435,2.0,135.0,0.0,135.0,TFFH,1-Methylimidazole,n6,DMF,0.0158
436,2.0,136.0,0.0,136.0,BOP-Cl,N-methylmorpholine,n1,THF,0.3836
437,2.0,137.0,0.0,137.0,BOP-Cl,Diisopropylethylamine,n10,MeCN,0.0604
438,2.0,138.0,0.0,138.0,TCFH,Diisopropylethylamine,n10,MeCN,0.08349999999999999
439,2.0,139.0,0.0,139.0,BOP-Cl,1-Methylimidazole,n7,DMF,0.6336999999999999
440,2.0,140.0,0.0,140.0,BOP-Cl,1-Methylimidazole,n7,MeCN,0.5015
441,2.0,141.0,0.0,141.0,BOP-Cl,N-methylmorpholine,n7,MeCN,0.7943000000000001
442,2.0,142.0,0.0,142.0,PyBOP,"2,6-Lutidine",n3,THF,0.0
443,2.0,143.0,0.0,143.0,PyBOP,1-Methylimidazole,n10,THF,0.10099999999999999
444,2.0,144.0,0.0,144.0,DPPCl,N-methylmorpholine,n7,DMF,0.6772
445,2.0,145.0,0.0,145.0,BOP-Cl,1-Methylimidazole,n2,MeCN,0.6058
446,2.0,146.0,0.0,146.0,BOP-Cl,N-methylmorpholine,n7,THF,0.6844
447,2.0,147.0,0.0,147.0,DPPCl,N-methylmorpholine,n10,DMF,0.008199999999999999
448,2.0,148.0,0.0,148.0,BOP-Cl,1-Methylimidazole,n4,DMF,0.061200000000000004
449,2.0,149.0,0.0,149.0,BOP-Cl,1-Methylimidazole,n9,DMF,0.5365
450,3.0,0.0,0.0,0.0,TFFH,1-Methylimidazole,n5,THF,0.07690000000000001
451,3.0,1.0,0.0,1.0,TFFH,N-methylmorpholine,n8,DMF,0.04769999999999999
452,3.0,2.0,0.0,2.0,TFFH,Diisopropylethylamine,n1,THF,0.0946
453,3.0,3.0,0.0,3.0,PyBOP,Diisopropylethylamine,n5,MeCN,0.2189
454,3.0,4.0,0.0,4.0,DPPCl,Diisopropylethylamine,n1,MeCN,0.3145
455,3.0,5.0,0.0,5.0,PyBOP,"2,6-Lutidine",n9,DMF,0.30519999999999997
456,3.0,6.0,0.0,6.0,BOP-Cl,N-methylmorpholine,n7,MeCN,0.7943000000000001
457,3.0,7.0,0.0,7.0,PFTU,N-methylmorpholine,n3,THF,0.0576
458,3.0,8.0,0.0,8.0,HATU,N-methylmorpholine,n2,MeCN,0.6213000000000001
459,3.0,9.0,0.0,9.0,HOTU,1-Methylimidazole,n10,DMF,0.0696
460,3.0,10.0,0.0,10.0,PFTU,N-methylmorpholine,n4,DMF,0.09480000000000001
461,3.0,11.0,0.0,11.0,BOP-Cl,"2,6-Lutidine",n6,THF,0.0172
462,3.0,12.0,0.0,12.0,PyBOP,"2,6-Lutidine",n5,MeCN,0.0055000000000000005
463,3.0,13.0,0.0,13.0,DPPCl,1-Methylimidazole,n2,MeCN,0.48960000000000004
464,3.0,14.0,0.0,14.0,PyBOP,1-Methylimidazole,n8,DMF,0.34950000000000003
465,3.0,15.0,0.0,15.0,BOP-Cl,"2,6-Lutidine",n4,DMF,0.114
466,3.0,16.0,0.0,16.0,DPPCl,N-methylmorpholine,n8,THF,0.3425
467,3.0,17.0,0.0,17.0,HATU,Diisopropylethylamine,n5,MeCN,0.3556
468,3.0,18.0,0.0,18.0,HATU,N-methylmorpholine,n3,DMF,0.2559
469,3.0,19.0,0.0,19.0,BOP-Cl,1-Methylimidazole,n5,MeCN,0.084
470,3.0,20.0,0.0,20.0,TCFH,"2,6-Lutidine",n4,THF,0.0542
471,3.0,21.0,0.0,21.0,HATU,N-methylmorpholine,n5,DMF,0.0462
472,3.0,22.0,0.0,22.0,HATU,1-Methylimidazole,n2,DMF,0.6209
473,3.0,23.0,0.0,23.0,TCFH,Diisopropylethylamine,n8,THF,0.2158
474,3.0,24.0,0.0,24.0,HATU,"2,6-Lutidine",n9,DMF,0.364
475,3.0,25.0,0.0,25.0,PyBOP,1-Methylimidazole,n8,MeCN,0.1776
476,3.0,26.0,0.0,26.0,TCFH,Diisopropylethylamine,n5,THF,0.0727
477,3.0,27.0,0.0,27.0,HATU,1-Methylimidazole,n3,MeCN,0.2052
478,3.0,28.0,0.0,28.0,HOTU,1-Methylimidazole,n8,MeCN,0.1368
479,3.0,29.0,0.0,29.0,TCFH,"2,6-Lutidine",n5,MeCN,0.1405
480,3.0,30.0,0.0,30.0,TCFH,N-methylmorpholine,n10,MeCN,0.0124
481,3.0,31.0,0.0,31.0,PFTU,Diisopropylethylamine,n2,MeCN,0.414
482,3.0,32.0,0.0,32.0,DPPCl,Diisopropylethylamine,n6,DMF,0.0169
483,3.0,33.0,0.0,33.0,TFFH,1-Methylimidazole,n1,THF,0.22899999999999998
484,3.0,34.0,0.0,34.0,HATU,1-Methylimidazole,n10,DMF,0.226
485,3.0,35.0,0.0,35.0,BOP-Cl,"2,6-Lutidine",n2,DMF,0.2733
486,3.0,36.0,0.0,36.0,TFFH,"2,6-Lutidine",n7,THF,0.0024
487,3.0,37.0,0.0,37.0,DPPCl,Diisopropylethylamine,n1,DMF,0.37729999999999997
488,3.0,38.0,0.0,38.0,BOP-Cl,"2,6-Lutidine",n9,DMF,0.74
489,3.0,39.0,0.0,39.0,BOP-Cl,N-methylmorpholine,n1,DMF,0.1555
490,3.0,40.0,0.0,40.0,BOP-Cl,N-methylmorpholine,n7,THF,0.6844
491,3.0,41.0,0.0,41.0,BOP-Cl,1-Methylimidazole,n9,DMF,0.5365
492,3.0,42.0,0.0,42.0,BOP-Cl,N-methylmorpholine,n9,THF,0.1957
493,3.0,43.0,0.0,43.0,PyBOP,1-Methylimidazole,n3,MeCN,0.1815
494,3.0,44.0,0.0,44.0,BOP-Cl,N-methylmorpholine,n8,DMF,0.12789999999999999
495,3.0,45.0,0.0,45.0,PyBOP,1-Methylimidazole,n5,THF,0.0139
496,3.0,46.0,0.0,46.0,DPPCl,N-methylmorpholine,n5,MeCN,0.1155
497,3.0,47.0,0.0,47.0,BOP-Cl,N-methylmorpholine,n2,DMF,0.0721
498,3.0,48.0,0.0,48.0,HATU,"2,6-Lutidine",n9,MeCN,0.2151
499,3.0,49.0,0.0,49.0,HOTU,"2,6-Lutidine",n2,THF,0.5861
500,3.0,50.0,0.0,50.0,DPPCl,Diisopropylethylamine,n5,MeCN,0.3774
501,3.0,51.0,0.0,51.0,DPPCl,N-methylmorpholine,n10,MeCN,0.0097
502,3.0,52.0,0.0,52.0,BOP-Cl,Diisopropylethylamine,n9,MeCN,0.2433
503,3.0,53.0,0.0,53.0,PFTU,Diisopropylethylamine,n10,DMF,0.24789999999999998
504,3.0,54.0,0.0,54.0,HATU,N-methylmorpholine,n2,THF,0.6575
505,3.0,55.0,0.0,55.0,PFTU,N-methylmorpholine,n7,THF,0.0219
506,3.0,56.0,0.0,56.0,HOTU,Diisopropylethylamine,n6,MeCN,0.039900000000000005
507,3.0,57.0,0.0,57.0,DPPCl,"2,6-Lutidine",n9,THF,0.1549
508,3.0,58.0,0.0,58.0,HATU,"2,6-Lutidine",n8,MeCN,0.2732
509,3.0,59.0,0.0,59.0,DPPCl,Diisopropylethylamine,n10,MeCN,0.0373
510,3.0,60.0,0.0,60.0,BOP-Cl,Diisopropylethylamine,n4,MeCN,0.1946
511,3.0,61.0,0.0,61.0,HOTU,Diisopropylethylamine,n1,DMF,0.0504
512,3.0,62.0,0.0,62.0,HOTU,"2,6-Lutidine",n8,MeCN,0.2546
513,3.0,63.0,0.0,63.0,HATU,Diisopropylethylamine,n1,THF,0.02
514,3.0,64.0,0.0,64.0,HATU,"2,6-Lutidine",n4,THF,0.0246
515,3.0,65.0,0.0,65.0,BOP-Cl,Diisopropylethylamine,n10,THF,0.0096
516,3.0,66.0,0.0,66.0,BOP-Cl,1-Methylimidazole,n1,MeCN,0.28190000000000004
517,3.0,67.0,0.0,67.0,BOP-Cl,"2,6-Lutidine",n5,MeCN,0.3169
518,3.0,68.0,0.0,68.0,DPPCl,N-methylmorpholine,n2,DMF,0.5584
519,3.0,69.0,0.0,69.0,HATU,1-Methylimidazole,n4,DMF,0.1304
520,3.0,70.0,0.0,70.0,HATU,"2,6-Lutidine",n7,MeCN,0.2569
521,3.0,71.0,0.0,71.0,PyBOP,Diisopropylethylamine,n5,THF,0.0165
522,3.0,72.0,0.0,72.0,HOTU,N-methylmorpholine,n9,THF,0.3004
523,3.0,73.0,0.0,73.0,DPPCl,1-Methylimidazole,n6,MeCN,0.0236
524,3.0,74.0,0.0,74.0,BOP-Cl,Diisopropylethylamine,n2,DMF,0.0318
525,3.0,75.0,0.0,75.0,HATU,Diisopropylethylamine,n2,DMF,0.5222
526,3.0,76.0,0.0,76.0,BOP-Cl,"2,6-Lutidine",n1,MeCN,0.0724
527,3.0,77.0,0.0,77.0,HATU,N-methylmorpholine,n7,THF,0.0435
528,3.0,78.0,0.0,78.0,PFTU,1-Methylimidazole,n10,MeCN,0.0645
529,3.0,79.0,0.0,79.0,TCFH,N-methylmorpholine,n7,THF,0.40049999999999997
530,3.0,80.0,0.0,80.0,HOTU,N-methylmorpholine,n10,THF,0.16699999999999998
531,3.0,81.0,0.0,81.0,PFTU,1-Methylimidazole,n4,THF,0.045599999999999995
532,3.0,82.0,0.0,82.0,HATU,N-methylmorpholine,n6,THF,0.0176
533,3.0,83.0,0.0,83.0,BOP-Cl,N-methylmorpholine,n2,MeCN,0.5366
534,3.0,84.0,0.0,84.0,TFFH,1-Methylimidazole,n10,THF,0.0092
535,3.0,85.0,0.0,85.0,DPPCl,Diisopropylethylamine,n9,THF,0.3014
536,3.0,86.0,0.0,86.0,DPPCl,1-Methylimidazole,n1,THF,0.2065
537,3.0,87.0,0.0,87.0,BOP-Cl,Diisopropylethylamine,n4,DMF,0.034
538,3.0,88.0,0.0,88.0,HATU,Diisopropylethylamine,n6,DMF,0.04
539,3.0,89.0,0.0,89.0,TCFH,Diisopropylethylamine,n1,MeCN,0.1673
540,3.0,90.0,0.0,90.0,HATU,1-Methylimidazole,n3,THF,0.3342
541,3.0,91.0,0.0,91.0,BOP-Cl,1-Methylimidazole,n6,MeCN,0.021099999999999997
542,3.0,92.0,0.0,92.0,HATU,1-Methylimidazole,n1,DMF,0.0281
543,3.0,93.0,0.0,93.0,BOP-Cl,Diisopropylethylamine,n9,THF,0.37229999999999996
544,3.0,94.0,0.0,94.0,HATU,1-Methylimidazole,n1,THF,0.0262
545,3.0,95.0,0.0,95.0,TCFH,1-Methylimidazole,n6,THF,0.031200000000000002
546,3.0,96.0,0.0,96.0,BOP-Cl,"2,6-Lutidine",n5,DMF,0.2808
547,3.0,97.0,0.0,97.0,TCFH,"2,6-Lutidine",n4,MeCN,0.0454
548,3.0,98.0,0.0,98.0,HOTU,Diisopropylethylamine,n9,DMF,0.2882
549,3.0,99.0,0.0,99.0,HOTU,Diisopropylethylamine,n9,THF,0.17679999999999998
550,3.0,100.0,0.0,100.0,HATU,N-methylmorpholine,n10,THF,0.036699999999999997
551,3.0,101.0,0.0,101.0,HATU,N-methylmorpholine,n9,THF,0.5212
552,3.0,102.0,0.0,102.0,TCFH,Diisopropylethylamine,n3,DMF,0.0
553,3.0,103.0,0.0,103.0,DPPCl,"2,6-Lutidine",n9,DMF,0.1997
554,3.0,104.0,0.0,104.0,DPPCl,1-Methylimidazole,n4,THF,0.0739
555,3.0,105.0,0.0,105.0,DPPCl,1-Methylimidazole,n7,MeCN,0.39740000000000003
556,3.0,106.0,0.0,106.0,BOP-Cl,N-methylmorpholine,n9,MeCN,0.371
557,3.0,107.0,0.0,107.0,HATU,N-methylmorpholine,n8,MeCN,0.12279999999999999
558,3.0,108.0,0.0,108.0,PFTU,1-Methylimidazole,n7,DMF,0.3678
559,3.0,109.0,0.0,109.0,PFTU,Diisopropylethylamine,n8,THF,0.009399999999999999
560,3.0,110.0,0.0,110.0,HATU,"2,6-Lutidine",n3,THF,0.006500000000000001
561,3.0,111.0,0.0,111.0,TFFH,N-methylmorpholine,n6,MeCN,0.028999999999999998
562,3.0,112.0,0.0,112.0,HATU,"2,6-Lutidine",n10,THF,0.0089
563,3.0,113.0,0.0,113.0,HOTU,1-Methylimidazole,n2,DMF,0.5596
564,3.0,114.0,0.0,114.0,HOTU,"2,6-Lutidine",n4,DMF,0.0388
565,3.0,115.0,0.0,115.0,BOP-Cl,1-Methylimidazole,n4,DMF,0.061200000000000004
566,3.0,116.0,0.0,116.0,HATU,1-Methylimidazole,n2,MeCN,0.6235
567,3.0,117.0,0.0,117.0,PFTU,"2,6-Lutidine",n10,THF,0.175
568,3.0,118.0,0.0,118.0,BOP-Cl,N-methylmorpholine,n10,DMF,0.1557
569,3.0,119.0,0.0,119.0,PFTU,"2,6-Lutidine",n1,THF,0.0018
570,3.0,120.0,0.0,120.0,PFTU,N-methylmorpholine,n1,DMF,0.0013
571,3.0,121.0,0.0,121.0,HATU,Diisopropylethylamine,n5,DMF,0.305
572,3.0,122.0,0.0,122.0,PyBOP,1-Methylimidazole,n9,DMF,0.2829
573,3.0,123.0,0.0,123.0,PFTU,Diisopropylethylamine,n10,THF,0.11410000000000001
574,3.0,124.0,0.0,124.0,TFFH,1-Methylimidazole,n4,DMF,0.054299999999999994
575,3.0,125.0,0.0,125.0,PyBOP,N-methylmorpholine,n2,THF,0.49670000000000003
576,3.0,126.0,0.0,126.0,BOP-Cl,1-Methylimidazole,n10,THF,0.29760000000000003
577,3.0,127.0,0.0,127.0,HATU,Diisopropylethylamine,n2,MeCN,0.5305
578,3.0,128.0,0.0,128.0,TCFH,"2,6-Lutidine",n2,MeCN,0.34600000000000003
579,3.0,129.0,0.0,129.0,HOTU,"2,6-Lutidine",n3,DMF,0.35479999999999995
580,3.0,130.0,0.0,130.0,HATU,N-methylmorpholine,n2,DMF,0.627
581,3.0,131.0,0.0,131.0,BOP-Cl,Diisopropylethylamine,n2,MeCN,0.4083
582,3.0,132.0,0.0,132.0,HOTU,Diisopropylethylamine,n8,DMF,0.1789
583,3.0,133.0,0.0,133.0,HOTU,Diisopropylethylamine,n10,THF,0.0932
584,3.0,134.0,0.0,134.0,HATU,Diisopropylethylamine,n4,DMF,0.0926
585,3.0,135.0,0.0,135.0,TFFH,1-Methylimidazole,n6,DMF,0.0158
586,3.0,136.0,0.0,136.0,DPPCl,Diisopropylethylamine,n1,THF,0.5184000000000001
587,3.0,137.0,0.0,137.0,BOP-Cl,Diisopropylethylamine,n6,DMF,0.0377
588,3.0,138.0,0.0,138.0,HATU,N-methylmorpholine,n6,DMF,0.018600000000000002
589,3.0,139.0,0.0,139.0,HATU,1-Methylimidazole,n1,MeCN,0.0415
590,3.0,140.0,0.0,140.0,HOTU,Diisopropylethylamine,n5,THF,0.0723
591,3.0,141.0,0.0,141.0,HOTU,N-methylmorpholine,n6,DMF,0.042699999999999995
592,3.0,142.0,0.0,142.0,BOP-Cl,N-methylmorpholine,n2,THF,0.2945
593,3.0,143.0,0.0,143.0,DPPCl,1-Methylimidazole,n1,MeCN,0.46340000000000003
594,3.0,144.0,0.0,144.0,DPPCl,"2,6-Lutidine",n4,THF,0.0679
595,3.0,145.0,0.0,145.0,DPPCl,1-Methylimidazole,n8,DMF,0.245
596,3.0,146.0,0.0,146.0,BOP-Cl,"2,6-Lutidine",n6,MeCN,0.16149999999999998
597,3.0,147.0,0.0,147.0,DPPCl,"2,6-Lutidine",n7,MeCN,0.5942000000000001
598,3.0,148.0,0.0,148.0,BOP-Cl,Diisopropylethylamine,n8,THF,0.29350000000000004
599,3.0,149.0,0.0,149.0,DPPCl,Diisopropylethylamine,n2,THF,0.5697
600,4.0,0.0,0.0,0.0,TFFH,Diisopropylethylamine,n9,MeCN,0.3048
601,4.0,1.0,0.0,1.0,HOTU,"2,6-Lutidine",n5,DMF,0.0288
602,4.0,2.0,0.0,2.0,TCFH,N-methylmorpholine,n2,THF,0.34259999999999996
603,4.0,3.0,0.0,3.0,TCFH,"2,6-Lutidine",n1,MeCN,0.0757
604,4.0,4.0,0.0,4.0,PyBOP,Diisopropylethylamine,n10,THF,0.0354
605,4.0,5.0,0.0,5.0,TFFH,N-methylmorpholine,n8,THF,0.0282
606,4.0,6.0,0.0,6.0,BOP-Cl,"2,6-Lutidine",n4,THF,0.07429999999999999
607,4.0,7.0,0.0,7.0,BOP-Cl,N-methylmorpholine,n2,THF,0.2945
608,4.0,8.0,0.0,8.0,PyBOP,Diisopropylethylamine,n9,DMF,0.21789999999999998
609,4.0,9.0,0.0,9.0,PFTU,N-methylmorpholine,n6,MeCN,0.0202
610,4.0,10.0,0.0,10.0,TCFH,"2,6-Lutidine",n7,DMF,0.3954
611,4.0,11.0,0.0,11.0,HOTU,1-Methylimidazole,n4,DMF,0.0496
612,4.0,12.0,0.0,12.0,TCFH,N-methylmorpholine,n8,DMF,0.20920000000000002
613,4.0,13.0,0.0,13.0,BOP-Cl,1-Methylimidazole,n7,THF,0.7503
614,4.0,14.0,0.0,14.0,DPPCl,N-methylmorpholine,n10,MeCN,0.0097
615,4.0,15.0,0.0,15.0,HATU,1-Methylimidazole,n5,MeCN,0.0629
616,4.0,16.0,0.0,16.0,BOP-Cl,N-methylmorpholine,n5,MeCN,0.25920000000000004
617,4.0,17.0,0.0,17.0,BOP-Cl,"2,6-Lutidine",n10,MeCN,0.009899999999999999
618,4.0,18.0,0.0,18.0,DPPCl,1-Methylimidazole,n7,DMF,0.45880000000000004
619,4.0,19.0,0.0,19.0,HATU,1-Methylimidazole,n3,DMF,0.3035
620,4.0,20.0,0.0,20.0,HOTU,N-methylmorpholine,n9,THF,0.3004
621,4.0,21.0,0.0,21.0,HATU,Diisopropylethylamine,n5,THF,0.0181
622,4.0,22.0,0.0,22.0,HOTU,N-methylmorpholine,n4,MeCN,0.11699999999999999
623,4.0,23.0,0.0,23.0,PyBOP,"2,6-Lutidine",n7,DMF,0.1503
624,4.0,24.0,0.0,24.0,BOP-Cl,"2,6-Lutidine",n8,THF,0.1058
625,4.0,25.0,0.0,25.0,TCFH,"2,6-Lutidine",n4,THF,0.0542
626,4.0,26.0,0.0,26.0,BOP-Cl,Diisopropylethylamine,n3,DMF,0.0418
627,4.0,27.0,0.0,27.0,BOP-Cl,"2,6-Lutidine",n1,DMF,0.4742
628,4.0,28.0,0.0,28.0,TFFH,N-methylmorpholine,n7,DMF,0.10220000000000001
629,4.0,29.0,0.0,29.0,TFFH,N-methylmorpholine,n3,THF,0.19260000000000002
630,4.0,30.0,0.0,30.0,HATU,N-methylmorpholine,n1,THF,0.0058
631,4.0,31.0,0.0,31.0,PFTU,"2,6-Lutidine",n4,THF,0.0275
632,4.0,32.0,0.0,32.0,TFFH,Diisopropylethylamine,n1,THF,0.0946
633,4.0,33.0,0.0,33.0,TFFH,"2,6-Lutidine",n8,THF,0.0011
634,4.0,34.0,0.0,34.0,DPPCl,"2,6-Lutidine",n7,MeCN,0.5942000000000001
635,4.0,35.0,0.0,35.0,PFTU,"2,6-Lutidine",n1,THF,0.0018
636,4.0,36.0,0.0,36.0,DPPCl,Diisopropylethylamine,n7,DMF,0.2757
637,4.0,37.0,0.0,37.0,PyBOP,1-Methylimidazole,n5,MeCN,0.0352
638,4.0,38.0,0.0,38.0,DPPCl,N-methylmorpholine,n8,MeCN,0.36219999999999997
639,4.0,39.0,0.0,39.0,BOP-Cl,"2,6-Lutidine",n6,THF,0.0172
640,4.0,40.0,0.0,40.0,DPPCl,"2,6-Lutidine",n5,DMF,0.1832
641,4.0,41.0,0.0,41.0,PyBOP,Diisopropylethylamine,n6,MeCN,0.0286
642,4.0,42.0,0.0,42.0,DPPCl,1-Methylimidazole,n2,MeCN,0.48960000000000004
643,4.0,43.0,0.0,43.0,DPPCl,N-methylmorpholine,n8,THF,0.3425
644,4.0,44.0,0.0,44.0,HATU,N-methylmorpholine,n6,DMF,0.018600000000000002
645,4.0,45.0,0.0,45.0,TCFH,1-Methylimidazole,n7,MeCN,0.18109999999999998
646,4.0,46.0,0.0,46.0,DPPCl,Diisopropylethylamine,n9,THF,0.3014
647,4.0,47.0,0.0,47.0,BOP-Cl,Diisopropylethylamine,n5,DMF,0.1906
648,4.0,48.0,0.0,48.0,DPPCl,N-methylmorpholine,n3,DMF,0.5028
649,4.0,49.0,0.0,49.0,DPPCl,"2,6-Lutidine",n2,MeCN,0.5572
650,4.0,50.0,0.0,50.0,DPPCl,"2,6-Lutidine",n5,THF,0.1451
651,4.0,51.0,0.0,51.0,TCFH,Diisopropylethylamine,n8,THF,0.2158
652,4.0,52.0,0.0,52.0,DPPCl,N-methylmorpholine,n4,MeCN,0.0552
653,4.0,53.0,0.0,53.0,TFFH,Diisopropylethylamine,n4,MeCN,0.0849
654,4.0,54.0,0.0,54.0,PFTU,1-Methylimidazole,n9,DMF,0.0834
655,4.0,55.0,0.0,55.0,BOP-Cl,1-Methylimidazole,n9,DMF,0.5365
656,4.0,56.0,0.0,56.0,HOTU,1-Methylimidazole,n2,MeCN,0.5919
657,4.0,57.0,0.0,57.0,BOP-Cl,N-methylmorpholine,n7,MeCN,0.7943000000000001
658,4.0,58.0,0.0,58.0,DPPCl,N-methylmorpholine,n6,DMF,0.0305
659,4.0,59.0,0.0,59.0,PFTU,"2,6-Lutidine",n1,DMF,0.004
660,4.0,60.0,0.0,60.0,DPPCl,N-methylmorpholine,n2,MeCN,0.6081
661,4.0,61.0,0.0,61.0,BOP-Cl,Diisopropylethylamine,n10,DMF,0.0625
662,4.0,62.0,0.0,62.0,HOTU,1-Methylimidazole,n6,DMF,0.019299999999999998
663,4.0,63.0,0.0,63.0,PyBOP,1-Methylimidazole,n8,DMF,0.34950000000000003
664,4.0,64.0,0.0,64.0,TCFH,"2,6-Lutidine",n8,MeCN,0.20989999999999998
665,4.0,65.0,0.0,65.0,DPPCl,1-Methylimidazole,n10,MeCN,0.1348
666,4.0,66.0,0.0,66.0,HOTU,"2,6-Lutidine",n3,DMF,0.35479999999999995
667,4.0,67.0,0.0,67.0,HOTU,1-Methylimidazole,n1,THF,0.058499999999999996
668,4.0,68.0,0.0,68.0,PyBOP,N-methylmorpholine,n8,MeCN,0.1672
669,4.0,69.0,0.0,69.0,DPPCl,"2,6-Lutidine",n7,DMF,0.5352
670,4.0,70.0,0.0,70.0,DPPCl,1-Methylimidazole,n3,DMF,0.3062
671,4.0,71.0,0.0,71.0,BOP-Cl,N-methylmorpholine,n3,THF,0.5494
672,4.0,72.0,0.0,72.0,BOP-Cl,1-Methylimidazole,n3,DMF,0.1671
673,4.0,73.0,0.0,73.0,DPPCl,"2,6-Lutidine",n4,DMF,0.041299999999999996
674,4.0,74.0,0.0,74.0,DPPCl,"2,6-Lutidine",n4,MeCN,0.0679
675,4.0,75.0,0.0,75.0,HATU,1-Methylimidazole,n6,MeCN,0.049699999999999994
676,4.0,76.0,0.0,76.0,DPPCl,"2,6-Lutidine",n8,DMF,0.3129
677,4.0,77.0,0.0,77.0,DPPCl,1-Methylimidazole,n8,THF,0.37929999999999997
678,4.0,78.0,0.0,78.0,PyBOP,1-Methylimidazole,n2,THF,0.45280000000000004
679,4.0,79.0,0.0,79.0,DPPCl,1-Methylimidazole,n4,THF,0.0739
680,4.0,80.0,0.0,80.0,HATU,1-Methylimidazole,n4,MeCN,0.16329999999999997
681,4.0,81.0,0.0,81.0,HOTU,"2,6-Lutidine",n1,MeCN,0.0046
682,4.0,82.0,0.0,82.0,TCFH,N-methylmorpholine,n4,DMF,0.0239
683,4.0,83.0,0.0,83.0,BOP-Cl,Diisopropylethylamine,n10,MeCN,0.0604
684,4.0,84.0,0.0,84.0,DPPCl,N-methylmorpholine,n3,THF,0.49670000000000003
685,4.0,85.0,0.0,85.0,HOTU,"2,6-Lutidine",n4,MeCN,0.12689999999999999
686,4.0,86.0,0.0,86.0,DPPCl,Diisopropylethylamine,n9,DMF,0.9871
687,4.0,87.0,0.0,87.0,PyBOP,N-methylmorpholine,n9,MeCN,0.1595
688,4.0,88.0,0.0,88.0,BOP-Cl,N-methylmorpholine,n1,DMF,0.1555
689,4.0,89.0,0.0,89.0,DPPCl,"2,6-Lutidine",n9,DMF,0.1997
690,4.0,90.0,0.0,90.0,DPPCl,"2,6-Lutidine",n2,THF,0.5366
691,4.0,91.0,0.0,91.0,BOP-Cl,"2,6-Lutidine",n4,MeCN,0.0719
692,4.0,92.0,0.0,92.0,DPPCl,1-Methylimidazole,n3,THF,0.2311
693,4.0,93.0,0.0,93.0,DPPCl,"2,6-Lutidine",n2,DMF,0.321
694,4.0,94.0,0.0,94.0,DPPCl,N-methylmorpholine,n6,THF,0.0146
695,4.0,95.0,0.0,95.0,DPPCl,1-Methylimidazole,n6,MeCN,0.0236
696,4.0,96.0,0.0,96.0,TFFH,Diisopropylethylamine,n10,THF,0.16570000000000001
697,4.0,97.0,0.0,97.0,TCFH,Diisopropylethylamine,n3,DMF,0.0
698,4.0,98.0,0.0,98.0,DPPCl,Diisopropylethylamine,n1,THF,0.5184000000000001
699,4.0,99.0,0.0,99.0,DPPCl,N-methylmorpholine,n2,THF,0.6073
700,4.0,100.0,0.0,100.0,DPPCl,1-Methylimidazole,n8,MeCN,0.1993
701,4.0,101.0,0.0,101.0,DPPCl,Diisopropylethylamine,n1,DMF,0.37729999999999997
702,4.0,102.0,0.0,102.0,DPPCl,Diisopropylethylamine,n7,MeCN,0.3868
703,4.0,103.0,0.0,103.0,DPPCl,1-Methylimidazole,n9,THF,0.2793
704,4.0,104.0,0.0,104.0,DPPCl,1-Methylimidazole,n9,DMF,0.5268999999999999
705,4.0,105.0,0.0,105.0,TCFH,Diisopropylethylamine,n6,THF,0.044199999999999996
706,4.0,106.0,0.0,106.0,PFTU,"2,6-Lutidine",n6,THF,0.0097
707,4.0,107.0,0.0,107.0,PyBOP,1-Methylimidazole,n7,THF,0.1795
708,4.0,108.0,0.0,108.0,DPPCl,1-Methylimidazole,n1,DMF,0.1409
709,4.0,109.0,0.0,109.0,DPPCl,Diisopropylethylamine,n10,THF,0.0594
710,4.0,110.0,0.0,110.0,DPPCl,"2,6-Lutidine",n6,MeCN,0.0365
711,4.0,111.0,0.0,111.0,BOP-Cl,Diisopropylethylamine,n8,DMF,0.0499
712,4.0,112.0,0.0,112.0,DPPCl,N-methylmorpholine,n1,THF,0.4792
713,4.0,113.0,0.0,113.0,DPPCl,N-methylmorpholine,n1,DMF,0.40130000000000005
714,4.0,114.0,0.0,114.0,HATU,"2,6-Lutidine",n7,MeCN,0.2569
715,4.0,115.0,0.0,115.0,TCFH,"2,6-Lutidine",n5,THF,0.6812
716,4.0,116.0,0.0,116.0,DPPCl,N-methylmorpholine,n10,THF,0.0092
717,4.0,117.0,0.0,117.0,DPPCl,"2,6-Lutidine",n1,MeCN,0.2733
718,4.0,118.0,0.0,118.0,BOP-Cl,1-Methylimidazole,n5,MeCN,0.084
719,4.0,119.0,0.0,119.0,TFFH,"2,6-Lutidine",n4,THF,0.1043
720,4.0,120.0,0.0,120.0,DPPCl,1-Methylimidazole,n7,THF,0.7003
721,4.0,121.0,0.0,121.0,BOP-Cl,N-methylmorpholine,n5,DMF,0.2688
722,4.0,122.0,0.0,122.0,DPPCl,N-methylmorpholine,n7,DMF,0.6772
723,4.0,123.0,0.0,123.0,TCFH,1-Methylimidazole,n10,THF,0.0352
724,4.0,124.0,0.0,124.0,DPPCl,1-Methylimidazole,n6,THF,0.034
725,4.0,125.0,0.0,125.0,DPPCl,Diisopropylethylamine,n1,MeCN,0.3145
726,4.0,126.0,0.0,126.0,DPPCl,N-methylmorpholine,n5,DMF,0.3588
727,4.0,127.0,0.0,127.0,BOP-Cl,"2,6-Lutidine",n3,THF,0.0044
728,4.0,128.0,0.0,128.0,DPPCl,N-methylmorpholine,n1,MeCN,0.4738
729,4.0,129.0,0.0,129.0,DPPCl,Diisopropylethylamine,n2,THF,0.5697
730,4.0,130.0,0.0,130.0,DPPCl,N-methylmorpholine,n9,THF,0.5638000000000001
731,4.0,131.0,0.0,131.0,DPPCl,"2,6-Lutidine",n6,THF,0.0192
732,4.0,132.0,0.0,132.0,DPPCl,Diisopropylethylamine,n5,DMF,0.4092
733,4.0,133.0,0.0,133.0,DPPCl,N-methylmorpholine,n7,MeCN,0.6969
734,4.0,134.0,0.0,134.0,DPPCl,1-Methylimidazole,n1,THF,0.2065
735,4.0,135.0,0.0,135.0,DPPCl,1-Methylimidazole,n2,THF,0.4608
736,4.0,136.0,0.0,136.0,DPPCl,"2,6-Lutidine",n4,THF,0.0679
737,4.0,137.0,0.0,137.0,TCFH,"2,6-Lutidine",n9,THF,0.7442
738,4.0,138.0,0.0,138.0,DPPCl,Diisopropylethylamine,n4,DMF,0.0509
739,4.0,139.0,0.0,139.0,DPPCl,"2,6-Lutidine",n3,MeCN,0.3442
740,4.0,140.0,0.0,140.0,DPPCl,1-Methylimidazole,n3,MeCN,0.522
741,4.0,141.0,0.0,141.0,DPPCl,Diisopropylethylamine,n5,THF,0.38280000000000003
742,4.0,142.0,0.0,142.0,DPPCl,N-methylmorpholine,n10,DMF,0.008199999999999999
743,4.0,143.0,0.0,143.0,DPPCl,1-Methylimidazole,n4,MeCN,0.0392
744,4.0,144.0,0.0,144.0,PyBOP,Diisopropylethylamine,n1,MeCN,0.13369999999999999
745,4.0,145.0,0.0,145.0,DPPCl,"2,6-Lutidine",n8,MeCN,0.3257
746,4.0,146.0,0.0,146.0,TCFH,Diisopropylethylamine,n5,THF,0.0727
747,4.0,147.0,0.0,147.0,TCFH,"2,6-Lutidine",n7,THF,0.7541
748,4.0,148.0,0.0,148.0,DPPCl,1-Methylimidazole,n5,DMF,0.1161
749,4.0,149.0,0.0,149.0,HOTU,Diisopropylethylamine,n5,MeCN,0.11560000000000001
750,5.0,0.0,0.0,0.0,DPPCl,"2,6-Lutidine",n5,MeCN,0.1808
751,5.0,1.0,0.0,1.0,TCFH,"2,6-Lutidine",n8,MeCN,0.20989999999999998
752,5.0,2.0,0.0,2.0,BOP-Cl,1-Methylimidazole,n10,DMF,0.033
753,5.0,3.0,0.0,3.0,TFFH,"2,6-Lutidine",n8,DMF,0.015
754,5.0,4.0,0.0,4.0,PFTU,"2,6-Lutidine",n10,DMF,0.0895
755,5.0,5.0,0.0,5.0,DPPCl,1-Methylimidazole,n3,MeCN,0.522
756,5.0,6.0,0.0,6.0,DPPCl,"2,6-Lutidine",n9,DMF,0.1997
757,5.0,7.0,0.0,7.0,TFFH,"2,6-Lutidine",n10,MeCN,0.0101
758,5.0,8.0,0.0,8.0,HOTU,Diisopropylethylamine,n6,MeCN,0.039900000000000005
759,5.0,9.0,0.0,9.0,BOP-Cl,Diisopropylethylamine,n3,THF,0.10800000000000001
760,5.0,10.0,0.0,10.0,HATU,"2,6-Lutidine",n4,MeCN,0.2321
761,5.0,11.0,0.0,11.0,TCFH,N-methylmorpholine,n3,MeCN,0.3367
762,5.0,12.0,0.0,12.0,BOP-Cl,1-Methylimidazole,n5,THF,0.1285
763,5.0,13.0,0.0,13.0,PyBOP,Diisopropylethylamine,n10,DMF,0.0998
764,5.0,14.0,0.0,14.0,HOTU,"2,6-Lutidine",n2,MeCN,0.5637
765,5.0,15.0,0.0,15.0,TCFH,1-Methylimidazole,n9,THF,0.5948
766,5.0,16.0,0.0,16.0,HATU,"2,6-Lutidine",n10,THF,0.0089
767,5.0,17.0,0.0,17.0,HOTU,"2,6-Lutidine",n5,DMF,0.0288
768,5.0,18.0,0.0,18.0,HATU,1-Methylimidazole,n2,DMF,0.6209
769,5.0,19.0,0.0,19.0,TCFH,1-Methylimidazole,n7,DMF,0.2829
770,5.0,20.0,0.0,20.0,PFTU,1-Methylimidazole,n2,MeCN,0.3923
771,5.0,21.0,0.0,21.0,HATU,Diisopropylethylamine,n10,MeCN,0.43799999999999994
772,5.0,22.0,0.0,22.0,HATU,N-methylmorpholine,n1,MeCN,0.0256
773,5.0,23.0,0.0,23.0,DPPCl,Diisopropylethylamine,n6,DMF,0.0169
774,5.0,24.0,0.0,24.0,DPPCl,1-Methylimidazole,n1,THF,0.2065
775,5.0,25.0,0.0,25.0,TCFH,1-Methylimidazole,n4,DMF,0.0862
776,5.0,26.0,0.0,26.0,TCFH,1-Methylimidazole,n9,MeCN,0.5225
777,5.0,27.0,0.0,27.0,PFTU,1-Methylimidazole,n2,DMF,0.47659999999999997
778,5.0,28.0,0.0,28.0,PFTU,Diisopropylethylamine,n9,DMF,0.146
779,5.0,29.0,0.0,29.0,HOTU,"2,6-Lutidine",n5,MeCN,0.0194
780,5.0,30.0,0.0,30.0,DPPCl,"2,6-Lutidine",n2,THF,0.5366
781,5.0,31.0,0.0,31.0,HATU,1-Methylimidazole,n6,THF,0.030299999999999997
782,5.0,32.0,0.0,32.0,PyBOP,Diisopropylethylamine,n1,THF,0.0086
783,5.0,33.0,0.0,33.0,DPPCl,1-Methylimidazole,n6,MeCN,0.0236
784,5.0,34.0,0.0,34.0,TCFH,N-methylmorpholine,n10,MeCN,0.0124
785,5.0,35.0,0.0,35.0,HOTU,1-Methylimidazole,n5,MeCN,0.09369999999999999
786,5.0,36.0,0.0,36.0,PyBOP,"2,6-Lutidine",n6,MeCN,0.0276
787,5.0,37.0,0.0,37.0,BOP-Cl,N-methylmorpholine,n6,THF,0.013500000000000002
788,5.0,38.0,0.0,38.0,HATU,1-Methylimidazole,n3,MeCN,0.2052
789,5.0,39.0,0.0,39.0,PyBOP,1-Methylimidazole,n8,MeCN,0.1776
790,5.0,40.0,0.0,40.0,PFTU,"2,6-Lutidine",n2,MeCN,0.30219999999999997
791,5.0,41.0,0.0,41.0,TCFH,1-Methylimidazole,n7,THF,0.1816
792,5.0,42.0,0.0,42.0,TFFH,"2,6-Lutidine",n7,THF,0.0024
793,5.0,43.0,0.0,43.0,PyBOP,1-Methylimidazole,n10,THF,0.10099999999999999
794,5.0,44.0,0.0,44.0,HOTU,N-methylmorpholine,n3,THF,0.0953
795,5.0,45.0,0.0,45.0,PFTU,Diisopropylethylamine,n8,DMF,0.2115
796,5.0,46.0,0.0,46.0,TCFH,N-methylmorpholine,n6,DMF,0.14800000000000002
797,5.0,47.0,0.0,47.0,BOP-Cl,N-methylmorpholine,n5,MeCN,0.25920000000000004
798,5.0,48.0,0.0,48.0,TCFH,1-Methylimidazole,n10,DMF,0.037200000000000004
799,5.0,49.0,0.0,49.0,TFFH,Diisopropylethylamine,n6,MeCN,0.0126
800,5.0,50.0,0.0,50.0,HOTU,Diisopropylethylamine,n2,MeCN,0.2734
801,5.0,51.0,0.0,51.0,HATU,Diisopropylethylamine,n5,MeCN,0.3556
802,5.0,52.0,0.0,52.0,DPPCl,1-Methylimidazole,n2,MeCN,0.48960000000000004
803,5.0,53.0,0.0,53.0,DPPCl,Diisopropylethylamine,n6,MeCN,0.0151
804,5.0,54.0,0.0,54.0,DPPCl,N-methylmorpholine,n10,THF,0.0092
805,5.0,55.0,0.0,55.0,TCFH,1-Methylimidazole,n1,DMF,0.3921
806,5.0,56.0,0.0,56.0,BOP-Cl,1-Methylimidazole,n10,THF,0.29760000000000003
807,5.0,57.0,0.0,57.0,DPPCl,"2,6-Lutidine",n3,DMF,0.19579999999999997
808,5.0,58.0,0.0,58.0,TCFH,N-methylmorpholine,n9,DMF,0.0645
809,5.0,59.0,0.0,59.0,HATU,1-Methylimidazole,n2,MeCN,0.6235
810,5.0,60.0,0.0,60.0,PFTU,1-Methylimidazole,n7,DMF,0.3678
811,5.0,61.0,0.0,61.0,HATU,1-Methylimidazole,n7,THF,0.0808
812,5.0,62.0,0.0,62.0,HATU,Diisopropylethylamine,n6,DMF,0.04
813,5.0,63.0,0.0,63.0,PFTU,"2,6-Lutidine",n5,MeCN,0.0169
814,5.0,64.0,0.0,64.0,PFTU,N-methylmorpholine,n2,THF,0.4645
815,5.0,65.0,0.0,65.0,PFTU,N-methylmorpholine,n9,THF,0.015
816,5.0,66.0,0.0,66.0,DPPCl,N-methylmorpholine,n1,MeCN,0.4738
817,5.0,67.0,0.0,67.0,HATU,Diisopropylethylamine,n8,THF,0.1481
818,5.0,68.0,0.0,68.0,PFTU,"2,6-Lutidine",n4,MeCN,0.0127
819,5.0,69.0,0.0,69.0,HATU,N-methylmorpholine,n6,DMF,0.018600000000000002
820,5.0,70.0,0.0,70.0,PFTU,1-Methylimidazole,n6,DMF,0.081
821,5.0,71.0,0.0,71.0,DPPCl,N-methylmorpholine,n7,MeCN,0.6969
822,5.0,72.0,0.0,72.0,HATU,N-methylmorpholine,n8,DMF,0.1859
823,5.0,73.0,0.0,73.0,PyBOP,N-methylmorpholine,n9,MeCN,0.1595
824,5.0,74.0,0.0,74.0,PyBOP,1-Methylimidazole,n3,MeCN,0.1815
825,5.0,75.0,0.0,75.0,DPPCl,1-Methylimidazole,n9,THF,0.2793
826,5.0,76.0,0.0,76.0,BOP-Cl,N-methylmorpholine,n1,DMF,0.1555
827,5.0,77.0,0.0,77.0,DPPCl,Diisopropylethylamine,n9,THF,0.3014
828,5.0,78.0,0.0,78.0,TCFH,N-methylmorpholine,n9,THF,0.2798
829,5.0,79.0,0.0,79.0,DPPCl,Diisopropylethylamine,n4,DMF,0.0509
830,5.0,80.0,0.0,80.0,HATU,"2,6-Lutidine",n7,THF,0.0009
831,5.0,81.0,0.0,81.0,DPPCl,N-methylmorpholine,n9,MeCN,0.35119999999999996
832,5.0,82.0,0.0,82.0,PyBOP,N-methylmorpholine,n8,MeCN,0.1672
833,5.0,83.0,0.0,83.0,HOTU,"2,6-Lutidine",n6,THF,0.013999999999999999
834,5.0,84.0,0.0,84.0,TCFH,"2,6-Lutidine",n4,THF,0.0542
835,5.0,85.0,0.0,85.0,TCFH,Diisopropylethylamine,n10,THF,0.41950000000000004
836,5.0,86.0,0.0,86.0,TCFH,Diisopropylethylamine,n6,DMF,0.0405
837,5.0,87.0,0.0,87.0,DPPCl,Diisopropylethylamine,n2,MeCN,0.3268
838,5.0,88.0,0.0,88.0,PFTU,Diisopropylethylamine,n9,MeCN,0.0345
839,5.0,89.0,0.0,89.0,HATU,"2,6-Lutidine",n8,DMF,0.2415
840,5.0,90.0,0.0,90.0,HOTU,1-Methylimidazole,n3,DMF,0.3652
841,5.0,91.0,0.0,91.0,TCFH,N-methylmorpholine,n1,MeCN,0.526
842,5.0,92.0,0.0,92.0,DPPCl,1-Methylimidazole,n5,MeCN,0.2585
843,5.0,93.0,0.0,93.0,PFTU,"2,6-Lutidine",n1,DMF,0.004
844,5.0,94.0,0.0,94.0,HOTU,"2,6-Lutidine",n5,THF,0.0074
845,5.0,95.0,0.0,95.0,BOP-Cl,"2,6-Lutidine",n5,DMF,0.2808
846,5.0,96.0,0.0,96.0,TFFH,Diisopropylethylamine,n5,DMF,0.3232
847,5.0,97.0,0.0,97.0,PFTU,Diisopropylethylamine,n1,THF,0.0018
848,5.0,98.0,0.0,98.0,DPPCl,Diisopropylethylamine,n4,MeCN,0.0747
849,5.0,99.0,0.0,99.0,TCFH,N-methylmorpholine,n8,THF,0.16760000000000003
850,5.0,100.0,0.0,100.0,BOP-Cl,"2,6-Lutidine",n2,MeCN,0.5521
851,5.0,101.0,0.0,101.0,DPPCl,1-Methylimidazole,n1,DMF,0.1409
852,5.0,102.0,0.0,102.0,TCFH,1-Methylimidazole,n4,MeCN,0.0904
853,5.0,103.0,0.0,103.0,DPPCl,"2,6-Lutidine",n4,DMF,0.041299999999999996
854,5.0,104.0,0.0,104.0,TCFH,N-methylmorpholine,n5,DMF,0.0352
855,5.0,105.0,0.0,105.0,BOP-Cl,Diisopropylethylamine,n1,THF,0.3527
856,5.0,106.0,0.0,106.0,TCFH,N-methylmorpholine,n1,THF,0.4876
857,5.0,107.0,0.0,107.0,TCFH,Diisopropylethylamine,n3,THF,0.054000000000000006
858,5.0,108.0,0.0,108.0,TCFH,1-Methylimidazole,n1,MeCN,0.1075
859,5.0,109.0,0.0,109.0,PyBOP,1-Methylimidazole,n5,MeCN,0.0352
860,5.0,110.0,0.0,110.0,DPPCl,Diisopropylethylamine,n7,DMF,0.2757
861,5.0,111.0,0.0,111.0,DPPCl,N-methylmorpholine,n5,MeCN,0.1155
862,5.0,112.0,0.0,112.0,DPPCl,"2,6-Lutidine",n10,MeCN,0.1092
863,5.0,113.0,0.0,113.0,HOTU,1-Methylimidazole,n9,DMF,0.25429999999999997
864,5.0,114.0,0.0,114.0,TFFH,1-Methylimidazole,n10,THF,0.0092
865,5.0,115.0,0.0,115.0,BOP-Cl,N-methylmorpholine,n7,THF,0.6844
866,5.0,116.0,0.0,116.0,PFTU,"2,6-Lutidine",n3,DMF,0.0264
867,5.0,117.0,0.0,117.0,BOP-Cl,1-Methylimidazole,n6,DMF,0.04019999999999999
868,5.0,118.0,0.0,118.0,BOP-Cl,"2,6-Lutidine",n5,MeCN,0.3169
869,5.0,119.0,0.0,119.0,BOP-Cl,N-methylmorpholine,n3,DMF,0.0722
870,5.0,120.0,0.0,120.0,HATU,N-methylmorpholine,n6,THF,0.0176
871,5.0,121.0,0.0,121.0,BOP-Cl,Diisopropylethylamine,n6,MeCN,0.053
872,5.0,122.0,0.0,122.0,PyBOP,1-Methylimidazole,n5,DMF,0.0542
873,5.0,123.0,0.0,123.0,DPPCl,Diisopropylethylamine,n10,MeCN,0.0373
874,5.0,124.0,0.0,124.0,TCFH,Diisopropylethylamine,n7,THF,0.426
875,5.0,125.0,0.0,125.0,BOP-Cl,Diisopropylethylamine,n7,THF,0.6288
876,5.0,126.0,0.0,126.0,BOP-Cl,1-Methylimidazole,n2,THF,0.3759
877,5.0,127.0,0.0,127.0,HATU,1-Methylimidazole,n6,MeCN,0.049699999999999994
878,5.0,128.0,0.0,128.0,HOTU,Diisopropylethylamine,n3,THF,0.0
879,5.0,129.0,0.0,129.0,HATU,N-methylmorpholine,n4,THF,0.2046
880,5.0,130.0,0.0,130.0,DPPCl,N-methylmorpholine,n4,MeCN,0.0552
881,5.0,131.0,0.0,131.0,BOP-Cl,"2,6-Lutidine",n6,THF,0.0172
882,5.0,132.0,0.0,132.0,BOP-Cl,N-methylmorpholine,n9,MeCN,0.371
883,5.0,133.0,0.0,133.0,BOP-Cl,1-Methylimidazole,n4,MeCN,0.0692
884,5.0,134.0,0.0,134.0,BOP-Cl,"2,6-Lutidine",n1,THF,0.0248
885,5.0,135.0,0.0,135.0,DPPCl,Diisopropylethylamine,n6,THF,0.0213
886,5.0,136.0,0.0,136.0,HOTU,Diisopropylethylamine,n8,THF,0.2407
887,5.0,137.0,0.0,137.0,DPPCl,Diisopropylethylamine,n3,MeCN,0.1866
888,5.0,138.0,0.0,138.0,TCFH,1-Methylimidazole,n2,DMF,0.5261
889,5.0,139.0,0.0,139.0,BOP-Cl,"2,6-Lutidine",n3,THF,0.0044
890,5.0,140.0,0.0,140.0,TCFH,N-methylmorpholine,n6,THF,0.0225
891,5.0,141.0,0.0,141.0,TFFH,N-methylmorpholine,n2,DMF,0.5695
892,5.0,142.0,0.0,142.0,TCFH,1-Methylimidazole,n10,MeCN,0.026000000000000002
893,5.0,143.0,0.0,143.0,DPPCl,N-methylmorpholine,n6,DMF,0.0305
894,5.0,144.0,0.0,144.0,BOP-Cl,Diisopropylethylamine,n3,DMF,0.0418
895,5.0,145.0,0.0,145.0,TCFH,"2,6-Lutidine",n5,DMF,0.0922
896,5.0,146.0,0.0,146.0,TCFH,N-methylmorpholine,n9,MeCN,0.9642000000000001
897,5.0,147.0,0.0,147.0,TCFH,1-Methylimidazole,n5,DMF,0.1656
898,5.0,148.0,0.0,148.0,TCFH,Diisopropylethylamine,n4,DMF,0.0414
899,5.0,149.0,0.0,149.0,TCFH,"2,6-Lutidine",n2,DMF,0.23420000000000002
900,6.0,0.0,0.0,0.0,TFFH,N-methylmorpholine,n10,THF,0.17579999999999998
901,6.0,1.0,0.0,1.0,DPPCl,N-methylmorpholine,n1,THF,0.4792
902,6.0,2.0,0.0,2.0,TCFH,"2,6-Lutidine",n1,DMF,0.1319
903,6.0,3.0,0.0,3.0,DPPCl,"2,6-Lutidine",n7,DMF,0.5352
904,6.0,4.0,0.0,4.0,TFFH,"2,6-Lutidine",n2,MeCN,0.5717
905,6.0,5.0,0.0,5.0,PFTU,N-methylmorpholine,n4,THF,0.0159
906,6.0,6.0,0.0,6.0,BOP-Cl,"2,6-Lutidine",n8,THF,0.1058
907,6.0,7.0,0.0,7.0,PyBOP,N-methylmorpholine,n10,DMF,0.0482
908,6.0,8.0,0.0,8.0,PFTU,1-Methylimidazole,n2,MeCN,0.3923
909,6.0,9.0,0.0,9.0,HOTU,Diisopropylethylamine,n6,THF,0.1069
910,6.0,10.0,0.0,10.0,HOTU,1-Methylimidazole,n6,DMF,0.019299999999999998
911,6.0,11.0,0.0,11.0,PyBOP,N-methylmorpholine,n9,MeCN,0.1595
912,6.0,12.0,0.0,12.0,DPPCl,1-Methylimidazole,n10,THF,0.2738
913,6.0,13.0,0.0,13.0,DPPCl,Diisopropylethylamine,n7,DMF,0.2757
914,6.0,14.0,0.0,14.0,TCFH,"2,6-Lutidine",n3,MeCN,0.0521
915,6.0,15.0,0.0,15.0,DPPCl,1-Methylimidazole,n3,MeCN,0.522
916,6.0,16.0,0.0,16.0,PyBOP,Diisopropylethylamine,n4,MeCN,0.12710000000000002
917,6.0,17.0,0.0,17.0,BOP-Cl,N-methylmorpholine,n3,MeCN,0.34729999999999994
918,6.0,18.0,0.0,18.0,DPPCl,1-Methylimidazole,n1,MeCN,0.46340000000000003
919,6.0,19.0,0.0,19.0,TFFH,1-Methylimidazole,n2,THF,0.5803
920,6.0,20.0,0.0,20.0,DPPCl,N-methylmorpholine,n4,DMF,0.0464
921,6.0,21.0,0.0,21.0,BOP-Cl,"2,6-Lutidine",n10,THF,0.115
922,6.0,22.0,0.0,22.0,DPPCl,1-Methylimidazole,n7,THF,0.7003
923,6.0,23.0,0.0,23.0,BOP-Cl,Diisopropylethylamine,n3,THF,0.10800000000000001
924,6.0,24.0,0.0,24.0,DPPCl,"2,6-Lutidine",n9,MeCN,0.2349
925,6.0,25.0,0.0,25.0,HATU,1-Methylimidazole,n6,DMF,0.0245
926,6.0,26.0,0.0,26.0,TCFH,N-methylmorpholine,n8,THF,0.16760000000000003
927,6.0,27.0,0.0,27.0,PyBOP,1-Methylimidazole,n6,THF,0.031200000000000002
928,6.0,28.0,0.0,28.0,HOTU,1-Methylimidazole,n5,DMF,0.14150000000000001
929,6.0,29.0,0.0,29.0,DPPCl,Diisopropylethylamine,n4,DMF,0.0509
930,6.0,30.0,0.0,30.0,PFTU,"2,6-Lutidine",n8,MeCN,0.0033
931,6.0,31.0,0.0,31.0,PFTU,Diisopropylethylamine,n3,MeCN,0.1108
932,6.0,32.0,0.0,32.0,PyBOP,"2,6-Lutidine",n2,DMF,0.2961
933,6.0,33.0,0.0,33.0,DPPCl,Diisopropylethylamine,n6,THF,0.0213
934,6.0,34.0,0.0,34.0,TFFH,1-Methylimidazole,n1,DMF,0.1151
935,6.0,35.0,0.0,35.0,TFFH,"2,6-Lutidine",n5,THF,0.0116
936,6.0,36.0,0.0,36.0,BOP-Cl,Diisopropylethylamine,n9,THF,0.37229999999999996
937,6.0,37.0,0.0,37.0,TFFH,1-Methylimidazole,n3,DMF,0.4775
938,6.0,38.0,0.0,38.0,PyBOP,1-Methylimidazole,n8,THF,0.142
939,6.0,39.0,0.0,39.0,BOP-Cl,N-methylmorpholine,n1,DMF,0.1555
940,6.0,40.0,0.0,40.0,DPPCl,1-Methylimidazole,n10,MeCN,0.1348
941,6.0,41.0,0.0,41.0,DPPCl,1-Methylimidazole,n8,THF,0.37929999999999997
942,6.0,42.0,0.0,42.0,BOP-Cl,"2,6-Lutidine",n9,MeCN,0.0703
943,6.0,43.0,0.0,43.0,TFFH,1-Methylimidazole,n7,THF,0.40619999999999995
944,6.0,44.0,0.0,44.0,HOTU,Diisopropylethylamine,n4,THF,0.10710000000000001
945,6.0,45.0,0.0,45.0,TFFH,N-methylmorpholine,n2,DMF,0.5695
946,6.0,46.0,0.0,46.0,TFFH,Diisopropylethylamine,n6,THF,0.0271
947,6.0,47.0,0.0,47.0,DPPCl,Diisopropylethylamine,n6,DMF,0.0169
948,6.0,48.0,0.0,48.0,TFFH,"2,6-Lutidine",n6,THF,0.0278
949,6.0,49.0,0.0,49.0,PFTU,"2,6-Lutidine",n10,THF,0.175
950,6.0,50.0,0.0,50.0,TFFH,N-methylmorpholine,n7,THF,0.0604
951,6.0,51.0,0.0,51.0,HATU,1-Methylimidazole,n6,MeCN,0.049699999999999994
952,6.0,52.0,0.0,52.0,PFTU,1-Methylimidazole,n4,THF,0.045599999999999995
953,6.0,53.0,0.0,53.0,HATU,N-methylmorpholine,n5,MeCN,0.055
954,6.0,54.0,0.0,54.0,TCFH,N-methylmorpholine,n6,DMF,0.14800000000000002
955,6.0,55.0,0.0,55.0,TCFH,Diisopropylethylamine,n7,THF,0.426
956,6.0,56.0,0.0,56.0,HOTU,1-Methylimidazole,n8,THF,0.3071
957,6.0,57.0,0.0,57.0,TCFH,Diisopropylethylamine,n6,DMF,0.0405
958,6.0,58.0,0.0,58.0,TFFH,1-Methylimidazole,n3,MeCN,0.42060000000000003
959,6.0,59.0,0.0,59.0,HATU,N-methylmorpholine,n6,DMF,0.018600000000000002
960,6.0,60.0,0.0,60.0,TFFH,"2,6-Lutidine",n10,MeCN,0.0101
961,6.0,61.0,0.0,61.0,DPPCl,1-Methylimidazole,n10,DMF,0.0646
962,6.0,62.0,0.0,62.0,PyBOP,Diisopropylethylamine,n8,DMF,0.25420000000000004
963,6.0,63.0,0.0,63.0,TCFH,Diisopropylethylamine,n3,THF,0.054000000000000006
964,6.0,64.0,0.0,64.0,BOP-Cl,Diisopropylethylamine,n5,THF,0.4672
965,6.0,65.0,0.0,65.0,HOTU,N-methylmorpholine,n2,DMF,0.5448
966,6.0,66.0,0.0,66.0,BOP-Cl,N-methylmorpholine,n2,MeCN,0.5366
967,6.0,67.0,0.0,67.0,DPPCl,"2,6-Lutidine",n6,MeCN,0.0365
968,6.0,68.0,0.0,68.0,TFFH,N-methylmorpholine,n7,DMF,0.10220000000000001
969,6.0,69.0,0.0,69.0,TFFH,"2,6-Lutidine",n5,MeCN,0.0688
970,6.0,70.0,0.0,70.0,BOP-Cl,Diisopropylethylamine,n8,THF,0.29350000000000004
971,6.0,71.0,0.0,71.0,TFFH,N-methylmorpholine,n6,MeCN,0.028999999999999998
972,6.0,72.0,0.0,72.0,TCFH,"2,6-Lutidine",n2,THF,0.3962
973,6.0,73.0,0.0,73.0,PyBOP,1-Methylimidazole,n4,THF,0.1954
974,6.0,74.0,0.0,74.0,BOP-Cl,N-methylmorpholine,n9,THF,0.1957
975,6.0,75.0,0.0,75.0,PyBOP,"2,6-Lutidine",n7,MeCN,0.07440000000000001
976,6.0,76.0,0.0,76.0,HATU,N-methylmorpholine,n9,MeCN,0.19940000000000002
977,6.0,77.0,0.0,77.0,BOP-Cl,Diisopropylethylamine,n10,THF,0.0096
978,6.0,78.0,0.0,78.0,DPPCl,Diisopropylethylamine,n7,MeCN,0.3868
979,6.0,79.0,0.0,79.0,PFTU,N-methylmorpholine,n3,MeCN,0.036699999999999997
980,6.0,80.0,0.0,80.0,TCFH,1-Methylimidazole,n3,THF,0.331
981,6.0,81.0,0.0,81.0,HOTU,"2,6-Lutidine",n7,THF,0.1818
982,6.0,82.0,0.0,82.0,TFFH,"2,6-Lutidine",n4,THF,0.1043
983,6.0,83.0,0.0,83.0,HATU,1-Methylimidazole,n7,MeCN,0.4561
984,6.0,84.0,0.0,84.0,DPPCl,"2,6-Lutidine",n6,THF,0.0192
985,6.0,85.0,0.0,85.0,TCFH,1-Methylimidazole,n10,DMF,0.037200000000000004
986,6.0,86.0,0.0,86.0,DPPCl,"2,6-Lutidine",n5,DMF,0.1832
987,6.0,87.0,0.0,87.0,TCFH,1-Methylimidazole,n9,THF,0.5948
988,6.0,88.0,0.0,88.0,BOP-Cl,N-methylmorpholine,n6,THF,0.013500000000000002
989,6.0,89.0,0.0,89.0,HATU,"2,6-Lutidine",n10,THF,0.0089
990,6.0,90.0,0.0,90.0,TFFH,"2,6-Lutidine",n2,DMF,0.5082
991,6.0,91.0,0.0,91.0,DPPCl,N-methylmorpholine,n10,DMF,0.008199999999999999
992,6.0,92.0,0.0,92.0,TCFH,N-methylmorpholine,n6,MeCN,0.0209
993,6.0,93.0,0.0,93.0,HOTU,"2,6-Lutidine",n8,DMF,0.4357
994,6.0,94.0,0.0,94.0,TFFH,N-methylmorpholine,n7,MeCN,0.14880000000000002
995,6.0,95.0,0.0,95.0,HOTU,Diisopropylethylamine,n3,THF,0.0
996,6.0,96.0,0.0,96.0,TFFH,Diisopropylethylamine,n5,MeCN,0.34619999999999995
997,6.0,97.0,0.0,97.0,PFTU,"2,6-Lutidine",n6,THF,0.0097
998,6.0,98.0,0.0,98.0,HOTU,N-methylmorpholine,n7,MeCN,0.514
999,6.0,99.0,0.0,99.0,HOTU,Diisopropylethylamine,n2,MeCN,0.2734
1000,6.0,100.0,0.0,100.0,BOP-Cl,N-methylmorpholine,n10,THF,0.0091
1001,6.0,101.0,0.0,101.0,DPPCl,"2,6-Lutidine",n2,DMF,0.321
1002,6.0,102.0,0.0,102.0,BOP-Cl,"2,6-Lutidine",n2,MeCN,0.5521
1003,6.0,103.0,0.0,103.0,PyBOP,1-Methylimidazole,n10,THF,0.10099999999999999
1004,6.0,104.0,0.0,104.0,TFFH,"2,6-Lutidine",n10,DMF,0.1518
1005,6.0,105.0,0.0,105.0,BOP-Cl,1-Methylimidazole,n7,DMF,0.6336999999999999
1006,6.0,106.0,0.0,106.0,DPPCl,1-Methylimidazole,n6,THF,0.034
1007,6.0,107.0,0.0,107.0,HOTU,N-methylmorpholine,n4,MeCN,0.11699999999999999
1008,6.0,108.0,0.0,108.0,TFFH,N-methylmorpholine,n2,MeCN,0.46340000000000003
1009,6.0,109.0,0.0,109.0,HOTU,N-methylmorpholine,n9,DMF,0.1837
1010,6.0,110.0,0.0,110.0,DPPCl,"2,6-Lutidine",n7,THF,0.3465
1011,6.0,111.0,0.0,111.0,HOTU,Diisopropylethylamine,n8,THF,0.2407
1012,6.0,112.0,0.0,112.0,HOTU,N-methylmorpholine,n3,THF,0.0953
1013,6.0,113.0,0.0,113.0,HOTU,1-Methylimidazole,n2,THF,0.5941
1014,6.0,114.0,0.0,114.0,HATU,Diisopropylethylamine,n2,DMF,0.5222
1015,6.0,115.0,0.0,115.0,BOP-Cl,"2,6-Lutidine",n6,DMF,0.0091
1016,6.0,116.0,0.0,116.0,PFTU,Diisopropylethylamine,n10,MeCN,0.2908
1017,6.0,117.0,0.0,117.0,BOP-Cl,"2,6-Lutidine",n10,MeCN,0.009899999999999999
1018,6.0,118.0,0.0,118.0,TFFH,Diisopropylethylamine,n2,THF,0.45520000000000005
1019,6.0,119.0,0.0,119.0,HOTU,Diisopropylethylamine,n4,DMF,0.1091
1020,6.0,120.0,0.0,120.0,DPPCl,Diisopropylethylamine,n2,MeCN,0.3268
1021,6.0,121.0,0.0,121.0,HOTU,1-Methylimidazole,n8,MeCN,0.1368
1022,6.0,122.0,0.0,122.0,HOTU,"2,6-Lutidine",n5,DMF,0.0288
1023,6.0,123.0,0.0,123.0,BOP-Cl,"2,6-Lutidine",n4,DMF,0.114
1024,6.0,124.0,0.0,124.0,TFFH,"2,6-Lutidine",n7,THF,0.0024
1025,6.0,125.0,0.0,125.0,HOTU,Diisopropylethylamine,n4,MeCN,0.1883
1026,6.0,126.0,0.0,126.0,PFTU,1-Methylimidazole,n2,THF,0.5997
1027,6.0,127.0,0.0,127.0,BOP-Cl,"2,6-Lutidine",n6,MeCN,0.16149999999999998
1028,6.0,128.0,0.0,128.0,HOTU,N-methylmorpholine,n1,MeCN,0.04
1029,6.0,129.0,0.0,129.0,DPPCl,N-methylmorpholine,n2,DMF,0.5584
1030,6.0,130.0,0.0,130.0,DPPCl,"2,6-Lutidine",n1,MeCN,0.2733
1031,6.0,131.0,0.0,131.0,BOP-Cl,1-Methylimidazole,n9,MeCN,0.4537
1032,6.0,132.0,0.0,132.0,TFFH,1-Methylimidazole,n7,DMF,0.20129999999999998
1033,6.0,133.0,0.0,133.0,PyBOP,N-methylmorpholine,n3,DMF,0.1116
1034,6.0,134.0,0.0,134.0,BOP-Cl,Diisopropylethylamine,n4,THF,0.0678
1035,6.0,135.0,0.0,135.0,HOTU,"2,6-Lutidine",n1,THF,0.003
1036,6.0,136.0,0.0,136.0,DPPCl,N-methylmorpholine,n10,MeCN,0.0097
1037,6.0,137.0,0.0,137.0,TFFH,1-Methylimidazole,n2,MeCN,0.5127
1038,6.0,138.0,0.0,138.0,TFFH,N-methylmorpholine,n9,DMF,0.3345
1039,6.0,139.0,0.0,139.0,TFFH,"2,6-Lutidine",n1,DMF,0.021
1040,6.0,140.0,0.0,140.0,PFTU,Diisopropylethylamine,n6,MeCN,0.0226
1041,6.0,141.0,0.0,141.0,TFFH,1-Methylimidazole,n9,DMF,0.5147999999999999
1042,6.0,142.0,0.0,142.0,TFFH,1-Methylimidazole,n4,THF,0.061900000000000004
1043,6.0,143.0,0.0,143.0,HOTU,"2,6-Lutidine",n5,THF,0.0074
1044,6.0,144.0,0.0,144.0,HOTU,Diisopropylethylamine,n10,MeCN,0.3353
1045,6.0,145.0,0.0,145.0,DPPCl,Diisopropylethylamine,n10,DMF,0.0298
1046,6.0,146.0,0.0,146.0,PFTU,Diisopropylethylamine,n10,THF,0.11410000000000001
1047,6.0,147.0,0.0,147.0,HOTU,"2,6-Lutidine",n8,MeCN,0.2546
1048,6.0,148.0,0.0,148.0,DPPCl,1-Methylimidazole,n2,MeCN,0.48960000000000004
1049,6.0,149.0,0.0,149.0,TFFH,Diisopropylethylamine,n1,MeCN,0.1537
1050,7.0,0.0,0.0,0.0,DPPCl,"2,6-Lutidine",n8,THF,0.3397
1051,7.0,1.0,0.0,1.0,HATU,Diisopropylethylamine,n4,THF,0.1761
1052,7.0,2.0,0.0,2.0,TFFH,N-methylmorpholine,n1,DMF,0.06
1053,7.0,3.0,0.0,3.0,PFTU,N-methylmorpholine,n3,DMF,0.17190000000000003
1054,7.0,4.0,0.0,4.0,PFTU,"2,6-Lutidine",n6,MeCN,0.005600000000000001
1055,7.0,5.0,0.0,5.0,HOTU,"2,6-Lutidine",n4,THF,0.08539999999999999
1056,7.0,6.0,0.0,6.0,DPPCl,Diisopropylethylamine,n2,DMF,0.4033
1057,7.0,7.0,0.0,7.0,BOP-Cl,Diisopropylethylamine,n2,THF,0.6059
1058,7.0,8.0,0.0,8.0,DPPCl,N-methylmorpholine,n6,MeCN,0.0225
1059,7.0,9.0,0.0,9.0,PyBOP,"2,6-Lutidine",n8,MeCN,0.1484
1060,7.0,10.0,0.0,10.0,TFFH,"2,6-Lutidine",n6,DMF,0.0302
1061,7.0,11.0,0.0,11.0,BOP-Cl,N-methylmorpholine,n6,DMF,0.013300000000000001
1062,7.0,12.0,0.0,12.0,TCFH,"2,6-Lutidine",n2,DMF,0.23420000000000002
1063,7.0,13.0,0.0,13.0,TFFH,1-Methylimidazole,n8,MeCN,0.20989999999999998
1064,7.0,14.0,0.0,14.0,HOTU,"2,6-Lutidine",n7,THF,0.1818
1065,7.0,15.0,0.0,15.0,BOP-Cl,Diisopropylethylamine,n1,THF,0.3527
1066,7.0,16.0,0.0,16.0,BOP-Cl,1-Methylimidazole,n5,MeCN,0.084
1067,7.0,17.0,0.0,17.0,PyBOP,N-methylmorpholine,n9,THF,0.2072
1068,7.0,18.0,0.0,18.0,PFTU,"2,6-Lutidine",n8,THF,0.004
1069,7.0,19.0,0.0,19.0,TFFH,1-Methylimidazole,n2,MeCN,0.5127
1070,7.0,20.0,0.0,20.0,TCFH,N-methylmorpholine,n10,THF,0.0197
1071,7.0,21.0,0.0,21.0,DPPCl,1-Methylimidazole,n2,MeCN,0.48960000000000004
1072,7.0,22.0,0.0,22.0,PFTU,N-methylmorpholine,n9,DMF,0.0377
1073,7.0,23.0,0.0,23.0,HATU,"2,6-Lutidine",n9,THF,0.067
1074,7.0,24.0,0.0,24.0,HATU,"2,6-Lutidine",n2,DMF,0.6334000000000001
1075,7.0,25.0,0.0,25.0,TCFH,1-Methylimidazole,n2,MeCN,0.6309
1076,7.0,26.0,0.0,26.0,PyBOP,1-Methylimidazole,n1,MeCN,0.0184
1077,7.0,27.0,0.0,27.0,HOTU,"2,6-Lutidine",n5,DMF,0.0288
1078,7.0,28.0,0.0,28.0,HOTU,"2,6-Lutidine",n5,MeCN,0.0194
1079,7.0,29.0,0.0,29.0,DPPCl,N-methylmorpholine,n1,MeCN,0.4738
1080,7.0,30.0,0.0,30.0,TCFH,1-Methylimidazole,n7,DMF,0.2829
1081,7.0,31.0,0.0,31.0,PyBOP,1-Methylimidazole,n5,THF,0.0139
1082,7.0,32.0,0.0,32.0,BOP-Cl,1-Methylimidazole,n8,MeCN,0.2341
1083,7.0,33.0,0.0,33.0,TFFH,1-Methylimidazole,n2,THF,0.5803
1084,7.0,34.0,0.0,34.0,TFFH,1-Methylimidazole,n6,DMF,0.0158
1085,7.0,35.0,0.0,35.0,BOP-Cl,1-Methylimidazole,n4,DMF,0.061200000000000004
1086,7.0,36.0,0.0,36.0,HOTU,"2,6-Lutidine",n3,MeCN,0.0382
1087,7.0,37.0,0.0,37.0,HATU,1-Methylimidazole,n4,MeCN,0.16329999999999997
1088,7.0,38.0,0.0,38.0,TCFH,N-methylmorpholine,n7,THF,0.40049999999999997
1089,7.0,39.0,0.0,39.0,TCFH,1-Methylimidazole,n5,DMF,0.1656
1090,7.0,40.0,0.0,40.0,BOP-Cl,"2,6-Lutidine",n6,DMF,0.0091
1091,7.0,41.0,0.0,41.0,TCFH,"2,6-Lutidine",n7,MeCN,0.3564
1092,7.0,42.0,0.0,42.0,PyBOP,N-methylmorpholine,n3,THF,0.0040999999999999995
1093,7.0,43.0,0.0,43.0,TCFH,N-methylmorpholine,n1,DMF,0.09949999999999999
1094,7.0,44.0,0.0,44.0,BOP-Cl,N-methylmorpholine,n2,DMF,0.0721
1095,7.0,45.0,0.0,45.0,HATU,N-methylmorpholine,n10,THF,0.036699999999999997
1096,7.0,46.0,0.0,46.0,PFTU,"2,6-Lutidine",n10,DMF,0.0895
1097,7.0,47.0,0.0,47.0,PyBOP,1-Methylimidazole,n6,MeCN,0.0347
1098,7.0,48.0,0.0,48.0,TFFH,1-Methylimidazole,n6,MeCN,0.0254
1099,7.0,49.0,0.0,49.0,DPPCl,Diisopropylethylamine,n7,THF,0.4888
1100,7.0,50.0,0.0,50.0,HOTU,"2,6-Lutidine",n10,THF,0.06509999999999999
1101,7.0,51.0,0.0,51.0,DPPCl,1-Methylimidazole,n1,DMF,0.1409
1102,7.0,52.0,0.0,52.0,TCFH,"2,6-Lutidine",n4,THF,0.0542
1103,7.0,53.0,0.0,53.0,DPPCl,N-methylmorpholine,n3,MeCN,0.5146999999999999
1104,7.0,54.0,0.0,54.0,DPPCl,Diisopropylethylamine,n5,THF,0.38280000000000003
1105,7.0,55.0,0.0,55.0,BOP-Cl,Diisopropylethylamine,n4,MeCN,0.1946
1106,7.0,56.0,0.0,56.0,DPPCl,1-Methylimidazole,n6,DMF,0.026699999999999998
1107,7.0,57.0,0.0,57.0,DPPCl,"2,6-Lutidine",n6,MeCN,0.0365
1108,7.0,58.0,0.0,58.0,DPPCl,Diisopropylethylamine,n3,DMF,0.2576
1109,7.0,59.0,0.0,59.0,DPPCl,1-Methylimidazole,n3,MeCN,0.522
1110,7.0,60.0,0.0,60.0,DPPCl,"2,6-Lutidine",n9,MeCN,0.2349
1111,7.0,61.0,0.0,61.0,HATU,N-methylmorpholine,n7,THF,0.0435
1112,7.0,62.0,0.0,62.0,DPPCl,1-Methylimidazole,n8,MeCN,0.1993
1113,7.0,63.0,0.0,63.0,DPPCl,N-methylmorpholine,n5,MeCN,0.1155
1114,7.0,64.0,0.0,64.0,BOP-Cl,"2,6-Lutidine",n4,MeCN,0.0719
1115,7.0,65.0,0.0,65.0,TCFH,"2,6-Lutidine",n5,THF,0.6812
1116,7.0,66.0,0.0,66.0,PyBOP,1-Methylimidazole,n3,THF,0.15259999999999999
1117,7.0,67.0,0.0,67.0,DPPCl,1-Methylimidazole,n5,MeCN,0.2585
1118,7.0,68.0,0.0,68.0,HOTU,N-methylmorpholine,n7,MeCN,0.514
1119,7.0,69.0,0.0,69.0,HATU,Diisopropylethylamine,n5,MeCN,0.3556
1120,7.0,70.0,0.0,70.0,DPPCl,1-Methylimidazole,n4,DMF,0.0548
1121,7.0,71.0,0.0,71.0,HOTU,N-methylmorpholine,n8,DMF,0.0556
1122,7.0,72.0,0.0,72.0,BOP-Cl,Diisopropylethylamine,n2,MeCN,0.4083
1123,7.0,73.0,0.0,73.0,TCFH,1-Methylimidazole,n5,MeCN,0.10490000000000001
1124,7.0,74.0,0.0,74.0,TFFH,1-Methylimidazole,n4,DMF,0.054299999999999994
1125,7.0,75.0,0.0,75.0,TCFH,Diisopropylethylamine,n8,MeCN,0.0984
1126,7.0,76.0,0.0,76.0,TCFH,N-methylmorpholine,n8,THF,0.16760000000000003
1127,7.0,77.0,0.0,77.0,TFFH,1-Methylimidazole,n7,MeCN,0.4497
1128,7.0,78.0,0.0,78.0,DPPCl,1-Methylimidazole,n7,DMF,0.45880000000000004
1129,7.0,79.0,0.0,79.0,DPPCl,"2,6-Lutidine",n10,THF,0.024
1130,7.0,80.0,0.0,80.0,TCFH,"2,6-Lutidine",n3,MeCN,0.0521
1131,7.0,81.0,0.0,81.0,TFFH,"2,6-Lutidine",n6,MeCN,0.016200000000000003
1132,7.0,82.0,0.0,82.0,DPPCl,"2,6-Lutidine",n5,THF,0.1451
1133,7.0,83.0,0.0,83.0,DPPCl,"2,6-Lutidine",n1,DMF,0.17170000000000002
1134,7.0,84.0,0.0,84.0,HATU,"2,6-Lutidine",n6,MeCN,0.0212
1135,7.0,85.0,0.0,85.0,DPPCl,Diisopropylethylamine,n4,THF,0.059000000000000004
1136,7.0,86.0,0.0,86.0,BOP-Cl,Diisopropylethylamine,n3,MeCN,0.015300000000000001
1137,7.0,87.0,0.0,87.0,TCFH,N-methylmorpholine,n4,MeCN,0.07
1138,7.0,88.0,0.0,88.0,TFFH,N-methylmorpholine,n6,MeCN,0.028999999999999998
1139,7.0,89.0,0.0,89.0,DPPCl,1-Methylimidazole,n3,THF,0.2311
1140,7.0,90.0,0.0,90.0,HATU,N-methylmorpholine,n9,THF,0.5212
1141,7.0,91.0,0.0,91.0,HATU,1-Methylimidazole,n9,MeCN,0.2225
1142,7.0,92.0,0.0,92.0,PFTU,N-methylmorpholine,n6,MeCN,0.0202
1143,7.0,93.0,0.0,93.0,TCFH,1-Methylimidazole,n10,MeCN,0.026000000000000002
1144,7.0,94.0,0.0,94.0,HATU,"2,6-Lutidine",n7,MeCN,0.2569
1145,7.0,95.0,0.0,95.0,DPPCl,Diisopropylethylamine,n2,THF,0.5697
1146,7.0,96.0,0.0,96.0,HOTU,1-Methylimidazole,n4,THF,0.1352
1147,7.0,97.0,0.0,97.0,DPPCl,"2,6-Lutidine",n7,MeCN,0.5942000000000001
1148,7.0,98.0,0.0,98.0,DPPCl,Diisopropylethylamine,n6,MeCN,0.0151
1149,7.0,99.0,0.0,99.0,HOTU,N-methylmorpholine,n6,THF,0.0583
1150,7.0,100.0,0.0,100.0,DPPCl,"2,6-Lutidine",n5,MeCN,0.1808
1151,7.0,101.0,0.0,101.0,PFTU,1-Methylimidazole,n6,MeCN,0.0256
1152,7.0,102.0,0.0,102.0,TFFH,N-methylmorpholine,n5,MeCN,0.191
1153,7.0,103.0,0.0,103.0,HATU,N-methylmorpholine,n5,THF,0.0083
1154,7.0,104.0,0.0,104.0,DPPCl,"2,6-Lutidine",n2,THF,0.5366
1155,7.0,105.0,0.0,105.0,DPPCl,N-methylmorpholine,n7,MeCN,0.6969
1156,7.0,106.0,0.0,106.0,PyBOP,N-methylmorpholine,n5,MeCN,0.0161
1157,7.0,107.0,0.0,107.0,TCFH,1-Methylimidazole,n6,MeCN,0.0246
1158,7.0,108.0,0.0,108.0,BOP-Cl,"2,6-Lutidine",n5,THF,0.0148
1159,7.0,109.0,0.0,109.0,DPPCl,1-Methylimidazole,n9,MeCN,0.40490000000000004
1160,7.0,110.0,0.0,110.0,DPPCl,1-Methylimidazole,n8,THF,0.37929999999999997
1161,7.0,111.0,0.0,111.0,DPPCl,"2,6-Lutidine",n9,THF,0.1549
1162,7.0,112.0,0.0,112.0,TFFH,1-Methylimidazole,n4,MeCN,0.0676
1163,7.0,113.0,0.0,113.0,DPPCl,N-methylmorpholine,n8,MeCN,0.36219999999999997
1164,7.0,114.0,0.0,114.0,DPPCl,1-Methylimidazole,n1,THF,0.2065
1165,7.0,115.0,0.0,115.0,DPPCl,1-Methylimidazole,n7,THF,0.7003
1166,7.0,116.0,0.0,116.0,DPPCl,"2,6-Lutidine",n5,DMF,0.1832
1167,7.0,117.0,0.0,117.0,HATU,1-Methylimidazole,n6,MeCN,0.049699999999999994
1168,7.0,118.0,0.0,118.0,DPPCl,Diisopropylethylamine,n6,THF,0.0213
1169,7.0,119.0,0.0,119.0,BOP-Cl,Diisopropylethylamine,n6,MeCN,0.053
1170,7.0,120.0,0.0,120.0,DPPCl,"2,6-Lutidine",n2,DMF,0.321
1171,7.0,121.0,0.0,121.0,DPPCl,Diisopropylethylamine,n7,MeCN,0.3868
1172,7.0,122.0,0.0,122.0,TCFH,1-Methylimidazole,n4,DMF,0.0862
1173,7.0,123.0,0.0,123.0,DPPCl,Diisopropylethylamine,n9,MeCN,0.8558
1174,7.0,124.0,0.0,124.0,TCFH,"2,6-Lutidine",n1,THF,0.3553
1175,7.0,125.0,0.0,125.0,DPPCl,"2,6-Lutidine",n7,THF,0.3465
1176,7.0,126.0,0.0,126.0,DPPCl,N-methylmorpholine,n2,MeCN,0.6081
1177,7.0,127.0,0.0,127.0,DPPCl,Diisopropylethylamine,n8,MeCN,0.1521
1178,7.0,128.0,0.0,128.0,DPPCl,N-methylmorpholine,n7,THF,0.665
1179,7.0,129.0,0.0,129.0,DPPCl,1-Methylimidazole,n2,DMF,0.3987
1180,7.0,130.0,0.0,130.0,DPPCl,Diisopropylethylamine,n5,MeCN,0.3774
1181,7.0,131.0,0.0,131.0,DPPCl,N-methylmorpholine,n8,DMF,0.353
1182,7.0,132.0,0.0,132.0,DPPCl,N-methylmorpholine,n4,THF,0.048499999999999995
1183,7.0,133.0,0.0,133.0,DPPCl,Diisopropylethylamine,n6,DMF,0.0169
1184,7.0,134.0,0.0,134.0,DPPCl,"2,6-Lutidine",n3,MeCN,0.3442
1185,7.0,135.0,0.0,135.0,BOP-Cl,"2,6-Lutidine",n3,THF,0.0044
1186,7.0,136.0,0.0,136.0,DPPCl,Diisopropylethylamine,n9,THF,0.3014
1187,7.0,137.0,0.0,137.0,DPPCl,N-methylmorpholine,n9,THF,0.5638000000000001
1188,7.0,138.0,0.0,138.0,DPPCl,"2,6-Lutidine",n8,MeCN,0.3257
1189,7.0,139.0,0.0,139.0,DPPCl,Diisopropylethylamine,n1,DMF,0.37729999999999997
1190,7.0,140.0,0.0,140.0,DPPCl,N-methylmorpholine,n8,THF,0.3425
1191,7.0,141.0,0.0,141.0,DPPCl,"2,6-Lutidine",n4,DMF,0.041299999999999996
1192,7.0,142.0,0.0,142.0,DPPCl,1-Methylimidazole,n10,THF,0.2738
1193,7.0,143.0,0.0,143.0,DPPCl,N-methylmorpholine,n10,MeCN,0.0097
1194,7.0,144.0,0.0,144.0,DPPCl,N-methylmorpholine,n1,THF,0.4792
1195,7.0,145.0,0.0,145.0,DPPCl,"2,6-Lutidine",n3,THF,0.2827
1196,7.0,146.0,0.0,146.0,DPPCl,1-Methylimidazole,n4,THF,0.0739
1197,7.0,147.0,0.0,147.0,DPPCl,1-Methylimidazole,n9,THF,0.2793
1198,7.0,148.0,0.0,148.0,DPPCl,"2,6-Lutidine",n4,MeCN,0.0679
1199,7.0,149.0,0.0,149.0,HOTU,N-methylmorpholine,n5,MeCN,0.10289999999999999
1200,8.0,0.0,0.0,0.0,PFTU,"2,6-Lutidine",n5,DMF,0.013300000000000001
1201,8.0,1.0,0.0,1.0,DPPCl,Diisopropylethylamine,n10,MeCN,0.0373
1202,8.0,2.0,0.0,2.0,TFFH,1-Methylimidazole,n5,DMF,0.26940000000000003
1203,8.0,3.0,0.0,3.0,PyBOP,"2,6-Lutidine",n4,THF,0.0231
1204,8.0,4.0,0.0,4.0,HATU,Diisopropylethylamine,n3,DMF,0.5109
1205,8.0,5.0,0.0,5.0,HATU,"2,6-Lutidine",n7,DMF,0.4732
1206,8.0,6.0,0.0,6.0,HOTU,"2,6-Lutidine",n2,DMF,0.5732
1207,8.0,7.0,0.0,7.0,BOP-Cl,N-methylmorpholine,n1,MeCN,0.4447
1208,8.0,8.0,0.0,8.0,TFFH,N-methylmorpholine,n4,THF,0.0698
1209,8.0,9.0,0.0,9.0,HATU,Diisopropylethylamine,n2,DMF,0.5222
1210,8.0,10.0,0.0,10.0,DPPCl,1-Methylimidazole,n10,THF,0.2738
1211,8.0,11.0,0.0,11.0,BOP-Cl,"2,6-Lutidine",n9,THF,0.0495
1212,8.0,12.0,0.0,12.0,PyBOP,1-Methylimidazole,n10,THF,0.10099999999999999
1213,8.0,13.0,0.0,13.0,TCFH,"2,6-Lutidine",n9,DMF,0.256
1214,8.0,14.0,0.0,14.0,TCFH,"2,6-Lutidine",n4,DMF,0.2
1215,8.0,15.0,0.0,15.0,TFFH,1-Methylimidazole,n2,DMF,0.5247999999999999
1216,8.0,16.0,0.0,16.0,PFTU,Diisopropylethylamine,n5,THF,0.0111
1217,8.0,17.0,0.0,17.0,HOTU,"2,6-Lutidine",n3,DMF,0.35479999999999995
1218,8.0,18.0,0.0,18.0,HATU,1-Methylimidazole,n3,DMF,0.3035
1219,8.0,19.0,0.0,19.0,HATU,1-Methylimidazole,n4,DMF,0.1304
1220,8.0,20.0,0.0,20.0,HATU,N-methylmorpholine,n9,MeCN,0.19940000000000002
1221,8.0,21.0,0.0,21.0,BOP-Cl,"2,6-Lutidine",n1,DMF,0.4742
1222,8.0,22.0,0.0,22.0,BOP-Cl,N-methylmorpholine,n7,THF,0.6844
1223,8.0,23.0,0.0,23.0,TFFH,Diisopropylethylamine,n6,DMF,0.0472
1224,8.0,24.0,0.0,24.0,BOP-Cl,1-Methylimidazole,n4,DMF,0.061200000000000004
1225,8.0,25.0,0.0,25.0,HOTU,1-Methylimidazole,n3,THF,0.2306
1226,8.0,26.0,0.0,26.0,BOP-Cl,Diisopropylethylamine,n3,THF,0.10800000000000001
1227,8.0,27.0,0.0,27.0,PFTU,Diisopropylethylamine,n2,MeCN,0.414
1228,8.0,28.0,0.0,28.0,TCFH,Diisopropylethylamine,n3,MeCN,0.0079
1229,8.0,29.0,0.0,29.0,DPPCl,"2,6-Lutidine",n6,DMF,0.016200000000000003
1230,8.0,30.0,0.0,30.0,HOTU,N-methylmorpholine,n9,DMF,0.1837
1231,8.0,31.0,0.0,31.0,PFTU,"2,6-Lutidine",n6,DMF,0.0048
1232,8.0,32.0,0.0,32.0,HOTU,Diisopropylethylamine,n9,DMF,0.2882
1233,8.0,33.0,0.0,33.0,PFTU,"2,6-Lutidine",n8,THF,0.004
1234,8.0,34.0,0.0,34.0,HOTU,Diisopropylethylamine,n7,MeCN,0.1317
1235,8.0,35.0,0.0,35.0,HOTU,Diisopropylethylamine,n5,MeCN,0.11560000000000001
1236,8.0,36.0,0.0,36.0,HATU,N-methylmorpholine,n1,DMF,0.0199
1237,8.0,37.0,0.0,37.0,TFFH,Diisopropylethylamine,n4,DMF,0.0735
1238,8.0,38.0,0.0,38.0,TFFH,"2,6-Lutidine",n1,MeCN,0.0204
1239,8.0,39.0,0.0,39.0,BOP-Cl,N-methylmorpholine,n6,THF,0.013500000000000002
1240,8.0,40.0,0.0,40.0,BOP-Cl,Diisopropylethylamine,n9,MeCN,0.2433
1241,8.0,41.0,0.0,41.0,HATU,"2,6-Lutidine",n1,MeCN,0.006500000000000001
1242,8.0,42.0,0.0,42.0,HATU,"2,6-Lutidine",n4,MeCN,0.2321
1243,8.0,43.0,0.0,43.0,BOP-Cl,Diisopropylethylamine,n9,THF,0.37229999999999996
1244,8.0,44.0,0.0,44.0,PyBOP,Diisopropylethylamine,n1,MeCN,0.13369999999999999
1245,8.0,45.0,0.0,45.0,HATU,N-methylmorpholine,n9,DMF,0.3122
1246,8.0,46.0,0.0,46.0,HOTU,N-methylmorpholine,n9,MeCN,0.16620000000000001
1247,8.0,47.0,0.0,47.0,HOTU,Diisopropylethylamine,n3,THF,0.0
1248,8.0,48.0,0.0,48.0,PyBOP,N-methylmorpholine,n1,MeCN,0.0043
1249,8.0,49.0,0.0,49.0,HATU,Diisopropylethylamine,n3,MeCN,0.32899999999999996
1250,8.0,50.0,0.0,50.0,BOP-Cl,N-methylmorpholine,n2,MeCN,0.5366
1251,8.0,51.0,0.0,51.0,HATU,1-Methylimidazole,n8,DMF,0.12179999999999999
1252,8.0,52.0,0.0,52.0,HOTU,"2,6-Lutidine",n2,MeCN,0.5637
1253,8.0,53.0,0.0,53.0,BOP-Cl,1-Methylimidazole,n3,MeCN,0.35609999999999997
1254,8.0,54.0,0.0,54.0,DPPCl,"2,6-Lutidine",n7,MeCN,0.5942000000000001
1255,8.0,55.0,0.0,55.0,TCFH,1-Methylimidazole,n5,DMF,0.1656
1256,8.0,56.0,0.0,56.0,TCFH,Diisopropylethylamine,n8,THF,0.2158
1257,8.0,57.0,0.0,57.0,HATU,Diisopropylethylamine,n2,MeCN,0.5305
1258,8.0,58.0,0.0,58.0,DPPCl,Diisopropylethylamine,n2,DMF,0.4033
1259,8.0,59.0,0.0,59.0,HOTU,1-Methylimidazole,n6,MeCN,0.0233
1260,8.0,60.0,0.0,60.0,TCFH,"2,6-Lutidine",n6,MeCN,0.0159
1261,8.0,61.0,0.0,61.0,HATU,1-Methylimidazole,n10,MeCN,0.1917
1262,8.0,62.0,0.0,62.0,HOTU,1-Methylimidazole,n10,MeCN,0.0275
1263,8.0,63.0,0.0,63.0,TCFH,1-Methylimidazole,n1,THF,0.2581
1264,8.0,64.0,0.0,64.0,TCFH,Diisopropylethylamine,n4,MeCN,0.4277
1265,8.0,65.0,0.0,65.0,BOP-Cl,"2,6-Lutidine",n10,THF,0.115
1266,8.0,66.0,0.0,66.0,DPPCl,1-Methylimidazole,n9,MeCN,0.40490000000000004
1267,8.0,67.0,0.0,67.0,BOP-Cl,Diisopropylethylamine,n7,DMF,0.1069
1268,8.0,68.0,0.0,68.0,TFFH,N-methylmorpholine,n6,THF,0.026099999999999998
1269,8.0,69.0,0.0,69.0,DPPCl,1-Methylimidazole,n3,DMF,0.3062
1270,8.0,70.0,0.0,70.0,DPPCl,1-Methylimidazole,n3,MeCN,0.522
1271,8.0,71.0,0.0,71.0,HATU,N-methylmorpholine,n5,THF,0.0083
1272,8.0,72.0,0.0,72.0,HATU,"2,6-Lutidine",n9,THF,0.067
1273,8.0,73.0,0.0,73.0,DPPCl,"2,6-Lutidine",n2,MeCN,0.5572
1274,8.0,74.0,0.0,74.0,TCFH,Diisopropylethylamine,n7,THF,0.426
1275,8.0,75.0,0.0,75.0,DPPCl,N-methylmorpholine,n6,THF,0.0146
1276,8.0,76.0,0.0,76.0,PFTU,Diisopropylethylamine,n5,MeCN,0.043
1277,8.0,77.0,0.0,77.0,HATU,N-methylmorpholine,n10,DMF,0.1957
1278,8.0,78.0,0.0,78.0,BOP-Cl,"2,6-Lutidine",n6,THF,0.0172
1279,8.0,79.0,0.0,79.0,TCFH,Diisopropylethylamine,n3,THF,0.054000000000000006
1280,8.0,80.0,0.0,80.0,DPPCl,"2,6-Lutidine",n5,DMF,0.1832
1281,8.0,81.0,0.0,81.0,HATU,Diisopropylethylamine,n3,THF,0.1416
1282,8.0,82.0,0.0,82.0,HATU,Diisopropylethylamine,n8,DMF,0.1128
1283,8.0,83.0,0.0,83.0,HATU,1-Methylimidazole,n5,MeCN,0.0629
1284,8.0,84.0,0.0,84.0,DPPCl,N-methylmorpholine,n4,THF,0.048499999999999995
1285,8.0,85.0,0.0,85.0,PyBOP,"2,6-Lutidine",n8,MeCN,0.1484
1286,8.0,86.0,0.0,86.0,HOTU,N-methylmorpholine,n6,THF,0.0583
1287,8.0,87.0,0.0,87.0,HOTU,1-Methylimidazole,n8,MeCN,0.1368
1288,8.0,88.0,0.0,88.0,BOP-Cl,1-Methylimidazole,n1,THF,0.4202
1289,8.0,89.0,0.0,89.0,PFTU,Diisopropylethylamine,n3,MeCN,0.1108
1290,8.0,90.0,0.0,90.0,PyBOP,1-Methylimidazole,n2,MeCN,0.6375
1291,8.0,91.0,0.0,91.0,DPPCl,1-Methylimidazole,n2,THF,0.4608
1292,8.0,92.0,0.0,92.0,TFFH,1-Methylimidazole,n3,DMF,0.4775
1293,8.0,93.0,0.0,93.0,DPPCl,1-Methylimidazole,n9,THF,0.2793
1294,8.0,94.0,0.0,94.0,BOP-Cl,1-Methylimidazole,n4,THF,0.063
1295,8.0,95.0,0.0,95.0,DPPCl,"2,6-Lutidine",n9,DMF,0.1997
1296,8.0,96.0,0.0,96.0,BOP-Cl,N-methylmorpholine,n10,MeCN,0.0129
1297,8.0,97.0,0.0,97.0,TFFH,N-methylmorpholine,n10,DMF,0.13369999999999999
1298,8.0,98.0,0.0,98.0,TFFH,Diisopropylethylamine,n5,MeCN,0.34619999999999995
1299,8.0,99.0,0.0,99.0,BOP-Cl,"2,6-Lutidine",n8,DMF,0.3956
1300,8.0,100.0,0.0,100.0,PyBOP,Diisopropylethylamine,n9,THF,0.2933
1301,8.0,101.0,0.0,101.0,DPPCl,1-Methylimidazole,n6,MeCN,0.0236
1302,8.0,102.0,0.0,102.0,TFFH,"2,6-Lutidine",n5,THF,0.0116
1303,8.0,103.0,0.0,103.0,PyBOP,1-Methylimidazole,n5,MeCN,0.0352
1304,8.0,104.0,0.0,104.0,PFTU,Diisopropylethylamine,n4,DMF,0.0762
1305,8.0,105.0,0.0,105.0,TFFH,Diisopropylethylamine,n7,THF,0.16449999999999998
1306,8.0,106.0,0.0,106.0,TCFH,N-methylmorpholine,n4,DMF,0.0239
1307,8.0,107.0,0.0,107.0,PyBOP,N-methylmorpholine,n10,DMF,0.0482
1308,8.0,108.0,0.0,108.0,HOTU,1-Methylimidazole,n2,THF,0.5941
1309,8.0,109.0,0.0,109.0,DPPCl,"2,6-Lutidine",n10,DMF,0.0088
1310,8.0,110.0,0.0,110.0,HOTU,"2,6-Lutidine",n7,DMF,0.6685
1311,8.0,111.0,0.0,111.0,HATU,1-Methylimidazole,n5,DMF,0.0735
1312,8.0,112.0,0.0,112.0,DPPCl,N-methylmorpholine,n10,DMF,0.008199999999999999
1313,8.0,113.0,0.0,113.0,HOTU,N-methylmorpholine,n3,DMF,0.3796
1314,8.0,114.0,0.0,114.0,TCFH,N-methylmorpholine,n4,THF,0.23739999999999997
1315,8.0,115.0,0.0,115.0,HOTU,1-Methylimidazole,n5,THF,0.0426
1316,8.0,116.0,0.0,116.0,TFFH,"2,6-Lutidine",n3,MeCN,0.2036
1317,8.0,117.0,0.0,117.0,BOP-Cl,Diisopropylethylamine,n4,MeCN,0.1946
1318,8.0,118.0,0.0,118.0,HATU,Diisopropylethylamine,n4,MeCN,0.096
1319,8.0,119.0,0.0,119.0,PFTU,N-methylmorpholine,n8,MeCN,0.0235
1320,8.0,120.0,0.0,120.0,TCFH,Diisopropylethylamine,n5,THF,0.0727
1321,8.0,121.0,0.0,121.0,PyBOP,Diisopropylethylamine,n5,DMF,0.11900000000000001
1322,8.0,122.0,0.0,122.0,DPPCl,"2,6-Lutidine",n4,THF,0.0679
1323,8.0,123.0,0.0,123.0,DPPCl,N-methylmorpholine,n3,DMF,0.5028
1324,8.0,124.0,0.0,124.0,DPPCl,N-methylmorpholine,n8,THF,0.3425
1325,8.0,125.0,0.0,125.0,BOP-Cl,1-Methylimidazole,n7,DMF,0.6336999999999999
1326,8.0,126.0,0.0,126.0,HOTU,N-methylmorpholine,n10,MeCN,0.0139
1327,8.0,127.0,0.0,127.0,BOP-Cl,N-methylmorpholine,n5,THF,0.40549999999999997
1328,8.0,128.0,0.0,128.0,BOP-Cl,Diisopropylethylamine,n8,DMF,0.0499
1329,8.0,129.0,0.0,129.0,BOP-Cl,1-Methylimidazole,n2,MeCN,0.6058
1330,8.0,130.0,0.0,130.0,HATU,N-methylmorpholine,n5,DMF,0.0462
1331,8.0,131.0,0.0,131.0,HOTU,"2,6-Lutidine",n10,DMF,0.009899999999999999
1332,8.0,132.0,0.0,132.0,BOP-Cl,1-Methylimidazole,n6,MeCN,0.021099999999999997
1333,8.0,133.0,0.0,133.0,PFTU,N-methylmorpholine,n6,THF,0.0183
1334,8.0,134.0,0.0,134.0,HOTU,N-methylmorpholine,n5,THF,0.0223
1335,8.0,135.0,0.0,135.0,TCFH,Diisopropylethylamine,n1,DMF,0.0106
1336,8.0,136.0,0.0,136.0,DPPCl,1-Methylimidazole,n8,THF,0.37929999999999997
1337,8.0,137.0,0.0,137.0,BOP-Cl,"2,6-Lutidine",n3,THF,0.0044
1338,8.0,138.0,0.0,138.0,BOP-Cl,"2,6-Lutidine",n5,DMF,0.2808
1339,8.0,139.0,0.0,139.0,DPPCl,Diisopropylethylamine,n2,THF,0.5697
1340,8.0,140.0,0.0,140.0,DPPCl,N-methylmorpholine,n7,MeCN,0.6969
1341,8.0,141.0,0.0,141.0,PyBOP,1-Methylimidazole,n3,THF,0.15259999999999999
1342,8.0,142.0,0.0,142.0,DPPCl,1-Methylimidazole,n2,MeCN,0.48960000000000004
1343,8.0,143.0,0.0,143.0,DPPCl,"2,6-Lutidine",n10,MeCN,0.1092
1344,8.0,144.0,0.0,144.0,PFTU,Diisopropylethylamine,n8,DMF,0.2115
1345,8.0,145.0,0.0,145.0,DPPCl,Diisopropylethylamine,n7,THF,0.4888
1346,8.0,146.0,0.0,146.0,DPPCl,1-Methylimidazole,n5,THF,0.0726
1347,8.0,147.0,0.0,147.0,DPPCl,N-methylmorpholine,n5,DMF,0.3588
1348,8.0,148.0,0.0,148.0,DPPCl,Diisopropylethylamine,n1,MeCN,0.3145
1349,8.0,149.0,0.0,149.0,BOP-Cl,N-methylmorpholine,n2,DMF,0.0721
1350,9.0,0.0,0.0,0.0,PFTU,N-methylmorpholine,n5,THF,0.0069
1351,9.0,1.0,0.0,1.0,DPPCl,N-methylmorpholine,n2,DMF,0.5584
1352,9.0,2.0,0.0,2.0,PyBOP,Diisopropylethylamine,n10,THF,0.0354
1353,9.0,3.0,0.0,3.0,DPPCl,1-Methylimidazole,n4,MeCN,0.0392
1354,9.0,4.0,0.0,4.0,TCFH,1-Methylimidazole,n8,THF,0.1268
1355,9.0,5.0,0.0,5.0,HOTU,"2,6-Lutidine",n5,DMF,0.0288
1356,9.0,6.0,0.0,6.0,HOTU,Diisopropylethylamine,n2,DMF,0.35119999999999996
1357,9.0,7.0,0.0,7.0,TFFH,N-methylmorpholine,n8,MeCN,0.0694
1358,9.0,8.0,0.0,8.0,DPPCl,N-methylmorpholine,n3,MeCN,0.5146999999999999
1359,9.0,9.0,0.0,9.0,BOP-Cl,N-methylmorpholine,n7,DMF,0.2741
1360,9.0,10.0,0.0,10.0,BOP-Cl,N-methylmorpholine,n6,MeCN,0.019299999999999998
1361,9.0,11.0,0.0,11.0,DPPCl,1-Methylimidazole,n5,MeCN,0.2585
1362,9.0,12.0,0.0,12.0,DPPCl,Diisopropylethylamine,n2,MeCN,0.3268
1363,9.0,13.0,0.0,13.0,TCFH,Diisopropylethylamine,n2,MeCN,0.183
1364,9.0,14.0,0.0,14.0,TFFH,Diisopropylethylamine,n6,MeCN,0.0126
1365,9.0,15.0,0.0,15.0,DPPCl,Diisopropylethylamine,n5,THF,0.38280000000000003
1366,9.0,16.0,0.0,16.0,HATU,"2,6-Lutidine",n4,DMF,0.25420000000000004
1367,9.0,17.0,0.0,17.0,PFTU,Diisopropylethylamine,n4,THF,0.011699999999999999
1368,9.0,18.0,0.0,18.0,BOP-Cl,"2,6-Lutidine",n7,THF,0.039
1369,9.0,19.0,0.0,19.0,HATU,"2,6-Lutidine",n8,THF,0.0045000000000000005
1370,9.0,20.0,0.0,20.0,HOTU,Diisopropylethylamine,n10,THF,0.0932
1371,9.0,21.0,0.0,21.0,TFFH,Diisopropylethylamine,n8,DMF,0.1837
1372,9.0,22.0,0.0,22.0,DPPCl,Diisopropylethylamine,n4,MeCN,0.0747
1373,9.0,23.0,0.0,23.0,BOP-Cl,1-Methylimidazole,n3,MeCN,0.35609999999999997
1374,9.0,24.0,0.0,24.0,TFFH,"2,6-Lutidine",n10,DMF,0.1518
1375,9.0,25.0,0.0,25.0,DPPCl,1-Methylimidazole,n6,THF,0.034
1376,9.0,26.0,0.0,26.0,TCFH,N-methylmorpholine,n1,THF,0.4876
1377,9.0,27.0,0.0,27.0,HATU,"2,6-Lutidine",n7,MeCN,0.2569
1378,9.0,28.0,0.0,28.0,HOTU,1-Methylimidazole,n9,DMF,0.25429999999999997
1379,9.0,29.0,0.0,29.0,TCFH,"2,6-Lutidine",n5,DMF,0.0922
1380,9.0,30.0,0.0,30.0,HATU,N-methylmorpholine,n5,THF,0.0083
1381,9.0,31.0,0.0,31.0,TCFH,"2,6-Lutidine",n10,THF,0.058499999999999996
1382,9.0,32.0,0.0,32.0,TFFH,Diisopropylethylamine,n7,MeCN,0.2708
1383,9.0,33.0,0.0,33.0,TCFH,"2,6-Lutidine",n2,DMF,0.23420000000000002
1384,9.0,34.0,0.0,34.0,HATU,N-methylmorpholine,n4,MeCN,0.1158
1385,9.0,35.0,0.0,35.0,BOP-Cl,N-methylmorpholine,n3,MeCN,0.34729999999999994
1386,9.0,36.0,0.0,36.0,BOP-Cl,"2,6-Lutidine",n10,DMF,0.0421
1387,9.0,37.0,0.0,37.0,HATU,1-Methylimidazole,n4,THF,0.2138
1388,9.0,38.0,0.0,38.0,TFFH,Diisopropylethylamine,n5,MeCN,0.34619999999999995
1389,9.0,39.0,0.0,39.0,HOTU,N-methylmorpholine,n7,DMF,0.4578
1390,9.0,40.0,0.0,40.0,PyBOP,"2,6-Lutidine",n2,MeCN,0.6222
1391,9.0,41.0,0.0,41.0,PyBOP,"2,6-Lutidine",n6,DMF,0.009399999999999999
1392,9.0,42.0,0.0,42.0,HOTU,N-methylmorpholine,n5,THF,0.0223
1393,9.0,43.0,0.0,43.0,PyBOP,1-Methylimidazole,n2,MeCN,0.6375
1394,9.0,44.0,0.0,44.0,HATU,"2,6-Lutidine",n2,THF,0.37520000000000003
1395,9.0,45.0,0.0,45.0,PyBOP,Diisopropylethylamine,n1,THF,0.0086
1396,9.0,46.0,0.0,46.0,HOTU,Diisopropylethylamine,n2,THF,0.40880000000000005
1397,9.0,47.0,0.0,47.0,PFTU,N-methylmorpholine,n7,DMF,0.1517
1398,9.0,48.0,0.0,48.0,BOP-Cl,1-Methylimidazole,n5,MeCN,0.084
1399,9.0,49.0,0.0,49.0,TFFH,N-methylmorpholine,n10,DMF,0.13369999999999999
1400,9.0,50.0,0.0,50.0,PyBOP,1-Methylimidazole,n1,DMF,0.018799999999999997
1401,9.0,51.0,0.0,51.0,PyBOP,N-methylmorpholine,n9,MeCN,0.1595
1402,9.0,52.0,0.0,52.0,PFTU,"2,6-Lutidine",n9,DMF,0.0273
1403,9.0,53.0,0.0,53.0,HATU,Diisopropylethylamine,n3,MeCN,0.32899999999999996
1404,9.0,54.0,0.0,54.0,BOP-Cl,Diisopropylethylamine,n3,MeCN,0.015300000000000001
1405,9.0,55.0,0.0,55.0,TCFH,N-methylmorpholine,n8,MeCN,0.3778
1406,9.0,56.0,0.0,56.0,DPPCl,N-methylmorpholine,n8,THF,0.3425
1407,9.0,57.0,0.0,57.0,DPPCl,1-Methylimidazole,n6,DMF,0.026699999999999998
1408,9.0,58.0,0.0,58.0,TCFH,"2,6-Lutidine",n7,THF,0.7541
1409,9.0,59.0,0.0,59.0,TCFH,Diisopropylethylamine,n1,DMF,0.0106
1410,9.0,60.0,0.0,60.0,TCFH,1-Methylimidazole,n1,THF,0.2581
1411,9.0,61.0,0.0,61.0,DPPCl,"2,6-Lutidine",n10,THF,0.024
1412,9.0,62.0,0.0,62.0,PFTU,1-Methylimidazole,n7,DMF,0.3678
1413,9.0,63.0,0.0,63.0,HATU,Diisopropylethylamine,n9,THF,0.3427
1414,9.0,64.0,0.0,64.0,DPPCl,Diisopropylethylamine,n10,DMF,0.0298
1415,9.0,65.0,0.0,65.0,BOP-Cl,Diisopropylethylamine,n4,DMF,0.034
1416,9.0,66.0,0.0,66.0,TFFH,"2,6-Lutidine",n8,THF,0.0011
1417,9.0,67.0,0.0,67.0,HOTU,"2,6-Lutidine",n2,DMF,0.5732
1418,9.0,68.0,0.0,68.0,HOTU,"2,6-Lutidine",n9,THF,0.1405
1419,9.0,69.0,0.0,69.0,TCFH,Diisopropylethylamine,n2,DMF,0.0301
1420,9.0,70.0,0.0,70.0,HOTU,Diisopropylethylamine,n3,THF,0.0
1421,9.0,71.0,0.0,71.0,TFFH,1-Methylimidazole,n9,THF,0.5357999999999999
1422,9.0,72.0,0.0,72.0,TCFH,"2,6-Lutidine",n9,DMF,0.256
1423,9.0,73.0,0.0,73.0,HOTU,N-methylmorpholine,n3,MeCN,0.18230000000000002
1424,9.0,74.0,0.0,74.0,HOTU,N-methylmorpholine,n5,MeCN,0.10289999999999999
1425,9.0,75.0,0.0,75.0,PFTU,"2,6-Lutidine",n5,MeCN,0.0169
1426,9.0,76.0,0.0,76.0,DPPCl,"2,6-Lutidine",n4,MeCN,0.0679
1427,9.0,77.0,0.0,77.0,PyBOP,"2,6-Lutidine",n9,THF,0.1661
1428,9.0,78.0,0.0,78.0,PyBOP,N-methylmorpholine,n2,DMF,0.5622
1429,9.0,79.0,0.0,79.0,TFFH,N-methylmorpholine,n2,MeCN,0.46340000000000003
1430,9.0,80.0,0.0,80.0,HOTU,"2,6-Lutidine",n1,DMF,0.0252
1431,9.0,81.0,0.0,81.0,PyBOP,1-Methylimidazole,n9,MeCN,0.1476
1432,9.0,82.0,0.0,82.0,DPPCl,1-Methylimidazole,n8,DMF,0.245
1433,9.0,83.0,0.0,83.0,TCFH,"2,6-Lutidine",n5,THF,0.6812
1434,9.0,84.0,0.0,84.0,HATU,Diisopropylethylamine,n5,DMF,0.305
1435,9.0,85.0,0.0,85.0,TFFH,Diisopropylethylamine,n10,DMF,0.013600000000000001
1436,9.0,86.0,0.0,86.0,PyBOP,Diisopropylethylamine,n4,DMF,0.2211
1437,9.0,87.0,0.0,87.0,TFFH,"2,6-Lutidine",n3,MeCN,0.2036
1438,9.0,88.0,0.0,88.0,TCFH,Diisopropylethylamine,n10,THF,0.41950000000000004
1439,9.0,89.0,0.0,89.0,PFTU,Diisopropylethylamine,n3,DMF,0.2539
1440,9.0,90.0,0.0,90.0,TFFH,N-methylmorpholine,n3,MeCN,0.27949999999999997
1441,9.0,91.0,0.0,91.0,HOTU,"2,6-Lutidine",n2,MeCN,0.5637
1442,9.0,92.0,0.0,92.0,PFTU,Diisopropylethylamine,n5,MeCN,0.043
1443,9.0,93.0,0.0,93.0,TCFH,1-Methylimidazole,n6,DMF,0.026000000000000002
1444,9.0,94.0,0.0,94.0,PyBOP,1-Methylimidazole,n3,MeCN,0.1815
1445,9.0,95.0,0.0,95.0,TFFH,Diisopropylethylamine,n7,DMF,0.35719999999999996
1446,9.0,96.0,0.0,96.0,TCFH,1-Methylimidazole,n5,THF,0.5543
1447,9.0,97.0,0.0,97.0,PyBOP,1-Methylimidazole,n2,DMF,0.6374
1448,9.0,98.0,0.0,98.0,HATU,N-methylmorpholine,n2,MeCN,0.6213000000000001
1449,9.0,99.0,0.0,99.0,PyBOP,N-methylmorpholine,n2,THF,0.49670000000000003
1450,9.0,100.0,0.0,100.0,TCFH,N-methylmorpholine,n10,THF,0.0197
1451,9.0,101.0,0.0,101.0,PFTU,1-Methylimidazole,n5,THF,0.0178
1452,9.0,102.0,0.0,102.0,HATU,Diisopropylethylamine,n6,MeCN,0.0348
1453,9.0,103.0,0.0,103.0,HOTU,N-methylmorpholine,n6,DMF,0.042699999999999995
1454,9.0,104.0,0.0,104.0,BOP-Cl,1-Methylimidazole,n9,THF,0.33240000000000003
1455,9.0,105.0,0.0,105.0,TCFH,N-methylmorpholine,n5,DMF,0.0352
1456,9.0,106.0,0.0,106.0,DPPCl,"2,6-Lutidine",n6,THF,0.0192
1457,9.0,107.0,0.0,107.0,TCFH,Diisopropylethylamine,n9,DMF,0.030899999999999997
1458,9.0,108.0,0.0,108.0,PyBOP,Diisopropylethylamine,n6,THF,0.0384
1459,9.0,109.0,0.0,109.0,HOTU,"2,6-Lutidine",n5,THF,0.0074
1460,9.0,110.0,0.0,110.0,HATU,Diisopropylethylamine,n7,MeCN,0.2627
1461,9.0,111.0,0.0,111.0,HATU,"2,6-Lutidine",n8,MeCN,0.2732
1462,9.0,112.0,0.0,112.0,DPPCl,N-methylmorpholine,n9,DMF,0.7091
1463,9.0,113.0,0.0,113.0,PyBOP,"2,6-Lutidine",n5,THF,0.0018
1464,9.0,114.0,0.0,114.0,TCFH,"2,6-Lutidine",n8,MeCN,0.20989999999999998
1465,9.0,115.0,0.0,115.0,HATU,N-methylmorpholine,n1,MeCN,0.0256
1466,9.0,116.0,0.0,116.0,TCFH,N-methylmorpholine,n2,DMF,0.0766
1467,9.0,117.0,0.0,117.0,DPPCl,Diisopropylethylamine,n10,THF,0.0594
1468,9.0,118.0,0.0,118.0,TCFH,1-Methylimidazole,n9,DMF,0.9614
1469,9.0,119.0,0.0,119.0,TCFH,Diisopropylethylamine,n9,MeCN,0.13570000000000002
1470,9.0,120.0,0.0,120.0,TCFH,1-Methylimidazole,n2,THF,0.6117
1471,9.0,121.0,0.0,121.0,PyBOP,"2,6-Lutidine",n6,MeCN,0.0276
1472,9.0,122.0,0.0,122.0,TCFH,"2,6-Lutidine",n9,MeCN,0.3439
1473,9.0,123.0,0.0,123.0,TCFH,"2,6-Lutidine",n10,MeCN,0.0089
1474,9.0,124.0,0.0,124.0,TFFH,Diisopropylethylamine,n2,DMF,0.45280000000000004
1475,9.0,125.0,0.0,125.0,HOTU,1-Methylimidazole,n3,DMF,0.3652
1476,9.0,126.0,0.0,126.0,TCFH,"2,6-Lutidine",n1,THF,0.3553
1477,9.0,127.0,0.0,127.0,HATU,Diisopropylethylamine,n4,THF,0.1761
1478,9.0,128.0,0.0,128.0,TFFH,Diisopropylethylamine,n4,THF,0.1954
1479,9.0,129.0,0.0,129.0,TCFH,Diisopropylethylamine,n8,MeCN,0.0984
1480,9.0,130.0,0.0,130.0,BOP-Cl,"2,6-Lutidine",n9,THF,0.0495
1481,9.0,131.0,0.0,131.0,DPPCl,1-Methylimidazole,n5,THF,0.0726
1482,9.0,132.0,0.0,132.0,TFFH,1-Methylimidazole,n9,MeCN,0.5277000000000001
1483,9.0,133.0,0.0,133.0,HATU,1-Methylimidazole,n10,MeCN,0.1917
1484,9.0,134.0,0.0,134.0,PyBOP,N-methylmorpholine,n10,MeCN,0.1765
1485,9.0,135.0,0.0,135.0,TFFH,"2,6-Lutidine",n2,MeCN,0.5717
1486,9.0,136.0,0.0,136.0,DPPCl,N-methylmorpholine,n9,MeCN,0.35119999999999996
1487,9.0,137.0,0.0,137.0,TCFH,N-methylmorpholine,n4,MeCN,0.07
1488,9.0,138.0,0.0,138.0,PyBOP,N-methylmorpholine,n6,DMF,0.0177
1489,9.0,139.0,0.0,139.0,PyBOP,1-Methylimidazole,n4,DMF,0.1636
1490,9.0,140.0,0.0,140.0,DPPCl,1-Methylimidazole,n9,THF,0.2793
1491,9.0,141.0,0.0,141.0,DPPCl,N-methylmorpholine,n8,MeCN,0.36219999999999997
1492,9.0,142.0,0.0,142.0,TFFH,Diisopropylethylamine,n6,THF,0.0271
1493,9.0,143.0,0.0,143.0,DPPCl,1-Methylimidazole,n9,MeCN,0.40490000000000004
1494,9.0,144.0,0.0,144.0,TCFH,Diisopropylethylamine,n4,MeCN,0.4277
1495,9.0,145.0,0.0,145.0,HATU,1-Methylimidazole,n3,MeCN,0.2052
1496,9.0,146.0,0.0,146.0,TCFH,1-Methylimidazole,n5,MeCN,0.10490000000000001
1497,9.0,147.0,0.0,147.0,HOTU,"2,6-Lutidine",n8,DMF,0.4357
1498,9.0,148.0,0.0,148.0,TCFH,N-methylmorpholine,n1,DMF,0.09949999999999999
1499,9.0,149.0,0.0,149.0,DPPCl,N-methylmorpholine,n3,THF,0.49670000000000003
